,time,heartrate,conductance,blood pressure
0,0.0,93.2165900205347,17.42479572659272,113.88234215019605
1,1.0,83.67665193613759,9.233354440071949,103.84704785403419
2,2.0,69.96535958959784,10.254571926045104,117.75978946892289
3,3.0,78.20584388234911,4.55230828870139,116.2391043027726
4,4.0,79.62627848812855,1.9467536325695054,100.29415035570364
5,5.0,80.7219402992508,7.048056124622461,101.84813094365845
6,6.0,74.55194308426756,14.316170880663194,104.6080846782845
7,7.0,65.60759079919823,3.6932947058417485,103.49760767231719
8,8.0,61.063902946867074,11.265931918250477,112.021161801711
9,9.0,100.06529860500282,8.941990765760869,109.4865150290298
10,10.0,71.09883843544911,5.014139806821595,121.14460545562437
11,11.0,72.35245794815656,7.433520427482834,116.67082032097075
12,12.0,84.98013004940839,16.56704033923188,112.16209718982026
13,13.0,81.51213800400959,7.552609097644792,90.57253670809511
14,14.0,63.88394705703743,4.805145434335092,113.4531443136484
15,15.0,78.39251281768833,7.92345489873264,109.34447608262663
16,16.0,76.51211179993554,14.39443519291989,105.8505476585469
17,17.0,81.15783454119926,11.031947490128083,121.91668937267539
18,18.0,64.29606211996027,3.5698287517142493,103.7187535684691
19,19.0,84.98126043181419,3.9592026276781063,91.03152032492062
20,20.0,78.04342044266794,7.231222206725656,109.7872847810677
21,21.0,71.81318962067705,11.079559264174499,100.99309907234388
22,22.0,84.07076459800594,5.3089660708436766,114.26050229472155
23,23.0,70.76087762484256,0.6406131473000496,121.95690342079769
24,24.0,84.60479369512079,14.88670984208717,100.56168516518329
25,25.0,90.15534928028595,4.4453717259448915,108.52768300244503
26,26.0,65.11581383380332,13.394492849679832,123.6796978574069
27,27.0,92.97662182215437,16.175628400550845,112.50246391506737
28,28.0,80.66625848620028,6.826702586987684,105.80455245122398
29,29.0,71.1057968250344,20.5551176721084,115.70476412102906
30,30.0,83.49376180927818,6.6644721196014824,88.57723539737013
31,31.0,75.44207138877651,10.647775628277872,111.9400488662738
32,32.0,88.87537966939848,9.99446705179011,116.32092365759948
33,33.0,90.08407798030811,17.373944918407194,110.16783913883569
34,34.0,71.61305920533766,9.713675171666047,107.45092042060422
35,35.0,88.29760358621581,11.728980589098578,127.82738591699764
36,36.0,80.54491858471631,13.016430038626256,116.12379804835234
37,37.0,64.95868594957108,10.112312942838264,105.64656062903528
38,38.0,91.0469214398377,4.7096525938257,109.19791526112107
39,39.0,60.61991992835544,18.571277067777437,111.25293505408402
40,40.0,72.12600324234036,3.2720877930528003,98.77960247686654
41,41.0,72.96530387025983,0.7235879194423216,123.04805202243129
42,42.0,82.64070044069382,3.387327251377183,106.98315526477825
43,43.0,67.58546717167145,14.386653864456056,105.14876471890949
44,44.0,71.90092691706371,13.293382862358573,119.96241328586275
45,45.0,74.86516588944659,19.44401185322352,100.44215294430857
46,46.0,79.57366226008881,14.789630827113335,115.81863247133363
47,47.0,65.41075432968364,12.371711451320934,109.68160774739282
48,48.0,84.23495988013131,1.9064700252602957,113.9083338198535
49,49.0,91.34400142779852,-3.060513695845996,112.53642658344948
50,50.0,67.08948090205055,6.553672783864114,116.12633364485721
51,51.0,106.62172036990283,17.996914577410095,107.50803189305675
52,52.0,77.58285999525603,7.451054118002849,107.94682877252794
53,53.0,85.02537712722234,13.21678132999768,123.38902731302656
54,54.0,93.38060744105067,19.19614108100278,113.97807861989698
55,55.0,81.2978670287906,9.380389411231828,103.87139754225458
56,56.0,74.00031889115677,10.72282305944227,97.12791306318584
57,57.0,80.86079144491171,8.779281770656494,119.77815913321948
58,58.0,75.20803202536904,17.406288016254308,124.26781624677147
59,59.0,76.91908678737907,9.200623533536147,116.78127183257845
60,60.0,70.27187400677957,4.863293701887517,122.41806856950794
61,61.0,75.19160580981533,0.2045701990140678,121.27430820667381
62,62.0,65.96675952839314,8.674748287845748,119.49599667546678
63,63.0,76.0250724603154,20.784143757527694,96.20899768819294
64,64.0,77.65529018857667,4.974034573980376,138.82238534733244
65,65.0,74.78565259086989,13.69713590308414,112.74529500697544
66,66.0,60.802774480397815,17.300916481784697,108.55821095427264
67,67.0,79.58572949983873,4.834090430586542,114.68087649174208
68,68.0,85.09918964695265,10.554710437305259,125.44516445970223
69,69.0,85.29952459874671,11.980969344824672,121.03042259462435
70,70.0,82.71624716823929,6.610602786241917,136.8596741506483
71,71.0,87.57154393509998,14.753456635781287,103.26207010698492
72,72.0,74.03357451405302,12.636020982831521,98.24081551470434
73,73.0,100.8762699973523,13.210120938609919,113.51548394632574
74,74.0,88.20864981556538,9.420040912487858,115.15538933018621
75,75.0,73.76774051239703,14.873372335182097,123.92103235072119
76,76.0,74.4596231957043,5.861648863082882,95.11250290324195
77,77.0,79.50802126775064,2.259885513797112,104.22425325381235
78,78.0,93.37347209432055,2.5757951699657387,106.88944924343227
79,79.0,83.8766792684707,6.85445639307896,116.62252973979835
80,80.0,71.00471795662307,2.6165245457629087,113.23376976854227
81,81.0,79.52482851239705,14.798268838759743,99.76237633669855
82,82.0,70.64724222230468,11.200309653955596,116.0294385072087
83,83.0,81.57098887209624,10.872281035046441,120.32899499938274
84,84.0,72.50511124109791,8.450230849639796,117.82521729136715
85,85.0,72.44064189020263,4.204721394167046,116.00332654219655
86,86.0,82.52362113060478,6.386855007012205,120.66199178891786
87,87.0,77.24225958884367,11.566167883738952,125.38498190058726
88,88.0,76.58057502942223,3.725256297254518,112.36747019181901
89,89.0,71.88642214148244,14.766056490041208,126.48494297409464
90,90.0,93.33817641339562,11.732953111825017,119.04049617442372
91,91.0,82.58808663549823,1.8130536755020472,104.32419137264966
92,92.0,81.25325627313725,12.951243542353524,119.118700261294
93,93.0,56.62498617648347,9.107566225010796,124.63997494989466
94,94.0,81.43664650091821,14.929880708727671,132.35544411436075
95,95.0,65.10635985718376,12.25881693278109,118.20906048504989
96,96.0,81.14642686585125,7.692043467840991,103.41648325120117
97,97.0,93.02249337250244,1.9210736023193373,92.82613486525528
98,98.0,75.57239814147538,10.766120388901308,127.62101455708381
99,99.0,69.6784937407692,11.370147883535665,89.32872046474382
100,100.0,78.26588774934298,12.94459553202384,106.03805100453982
101,101.0,85.74833036691427,7.038273236478565,105.10115250415701
102,102.0,96.40040483270832,15.127080102438754,126.58039020318483
103,103.0,78.28203371599923,2.931164837061015,109.11908148806896
104,104.0,84.13570862223024,10.384349161322222,100.87617951517724
105,105.0,73.08561301159104,11.895656481231907,97.13314007211716
106,106.0,85.84339456885789,8.769515899806628,103.98949547155993
107,107.0,96.01098409911822,21.083342493591246,112.52944155072977
108,108.0,93.60844385823579,5.857465175836484,110.45864650010975
109,109.0,89.53970450402504,11.23869014909717,114.61920569253141
110,110.0,66.82256712284683,4.4130552354037045,111.80770724033997
111,111.0,68.45187901614845,0.4548554553306623,79.78466610605142
112,112.0,88.59313351305171,15.988128164225863,105.83795207673292
113,113.0,61.42450561110713,18.4325687021381,130.28935056756475
114,114.0,81.44721573602313,11.023942656817548,110.4183939161781
115,115.0,76.65729810253266,5.226295945483772,121.78668019396069
116,116.0,73.08963660332789,7.6297947695784885,108.2648184266387
117,117.0,87.52299393358659,9.090395721684553,100.53510453845901
118,118.0,65.37517996144476,9.541851884260748,86.01864178144885
119,119.0,78.47829384567542,0.862233147957097,122.91091828837558
120,120.0,82.2319567741386,2.6337485532043416,117.38015033228274
121,121.0,83.90812121856449,11.383737418947282,109.07342292018804
122,122.0,74.84370404718454,8.104933411733711,92.56464627370148
123,123.0,74.2539755274504,3.3409016568332888,113.62546176867474
124,124.0,86.80908703143247,18.039725613823045,92.95906686208615
125,125.0,96.34437576256104,6.841313298967792,111.7841304827151
126,126.0,86.43324640919819,4.548614551429752,89.0606723228241
127,127.0,77.23056130789504,12.953340557758025,117.7993791766477
128,128.0,63.25319111144158,16.161775558327072,111.12072698588156
129,129.0,69.92099731702768,3.4836807424808622,116.46329908416884
130,130.0,97.47481336646126,5.271762667417484,106.6404086859438
131,131.0,74.73646374836053,12.412518512983443,96.12530742543404
132,132.0,93.24756403980649,4.887584124404313,108.9632670059908
133,133.0,77.42240231619579,10.339604218934006,109.62581218094665
134,134.0,78.21134929245554,3.07617821309198,95.37989194169162
135,135.0,69.23823318696958,6.080932286699214,112.6213429689143
136,136.0,72.36501881357688,1.7176338252559873,114.9000237745945
137,137.0,77.53171529145891,4.922716664811313,111.79755224249303
138,138.0,80.55676091451613,1.5963112939598307,102.34574009461834
139,139.0,83.8136573101108,-2.489964945029639,113.8736318286435
140,140.0,95.27946681136,4.5352382641272015,119.75889880455841
141,141.0,78.43794251054013,2.935690457421937,119.03808200321419
142,142.0,72.81630546931805,9.216825187661613,96.09599543956597
143,143.0,92.57929654422271,8.784929922996506,91.38934177487177
144,144.0,78.98012214304485,11.441102047408299,99.16162663301004
145,145.0,90.64034186718521,9.654851510921157,113.52007253510047
146,146.0,75.02319683064258,13.562976329964853,108.78422493720981
147,147.0,70.76383720519902,15.817301891545402,119.14121175857349
148,148.0,72.39736565128703,17.5328598337304,101.91348986144935
149,149.0,81.39220034632847,10.205816586323849,127.21954923708267
150,150.0,73.66397036205974,6.700258681277011,104.21072657598116
151,151.0,75.38226927427712,16.518823853251373,107.22060952057254
152,152.0,87.44014780161977,17.545941052678106,115.14959513766084
153,153.0,93.08139640440626,12.019719316578994,126.60325484711778
154,154.0,101.2129356694737,8.853370456552279,115.17633776250271
155,155.0,82.04291448410815,7.67520533277404,107.38389643840709
156,156.0,75.82049466277212,12.247594801538176,109.15026777569686
157,157.0,74.83012041603526,18.604229279347997,110.1715347376744
158,158.0,80.71375328311832,16.53821403166554,96.03032425089256
159,159.0,79.19192790945245,11.799787643440215,106.8230648103087
160,160.0,65.78629644506728,19.67195102335347,95.7946293563979
161,161.0,69.17308390269444,15.270229156155608,108.64723377491445
162,162.0,83.6031394182334,4.653288703515623,107.67932868134143
163,163.0,60.37029591457894,16.668927493263084,108.98027344816767
164,164.0,80.27372689992717,0.3550998741356981,92.7078581885853
165,165.0,83.9025439102288,7.48337212108026,89.08115541942323
166,166.0,94.41317232054526,3.209662828468911,112.25094664918939
167,167.0,74.52788930939752,11.833310022586,112.35665749273865
168,168.0,88.16153504714893,16.02717414739385,131.30673392876062
169,169.0,90.62162764180837,13.40231620983483,111.69989370695569
170,170.0,79.52570158984658,12.25900001975899,111.69772448569314
171,171.0,79.3424686831018,18.201972447197296,108.16163666973357
172,172.0,86.21919034947786,2.9901691734201297,107.63727142503889
173,173.0,93.06082023786809,12.456366069500824,110.16077732262664
174,174.0,98.02055300549868,19.004129145579604,102.37134002905778
175,175.0,80.44720362202206,8.64971864070208,115.35371445240632
176,176.0,68.33883548856085,0.8767485937089372,97.46394596347501
177,177.0,87.58468201750928,10.29317404729773,110.34269534580255
178,178.0,84.92518225114608,9.70031499422313,113.27689803127446
179,179.0,88.79496469084259,9.357616668525486,110.77218334356915
180,180.0,79.64899472797747,13.149956943075873,101.12637482817497
181,181.0,62.868182314573644,4.69930696376145,110.31172427911443
182,182.0,65.31098427326756,13.274370978284395,111.25716805605839
183,183.0,73.82802849597047,14.950543256690299,106.65452037675402
184,184.0,85.86712100209057,10.464767943456748,114.66609424223971
185,185.0,70.47070858822646,7.273054304641066,106.29546917928455
186,186.0,89.1521563656969,14.962763913018918,108.23361801080219
187,187.0,66.70820089920612,1.1320921983943428,118.14038747780396
188,188.0,69.56191818259934,8.11651322990224,107.28736414286836
189,189.0,94.15678043858259,8.8274419328158,120.18689509269181
190,190.0,71.11859793404616,17.15259957609512,103.02892318147312
191,191.0,60.20914909193216,-7.434743637129486,106.79101630875205
192,192.0,74.21710484584032,13.461694579263995,131.49810266452442
193,193.0,73.1655592323536,12.005952834861057,99.83095725246169
194,194.0,80.77182332630649,12.266343574483262,109.78013446874543
195,195.0,92.8976749987249,15.120444138966668,109.99616965585145
196,196.0,77.22370425913448,12.991997691933593,105.91415297415374
197,197.0,90.71852772569548,6.449128492012625,108.71915226773173
198,198.0,79.1160421651738,9.794880597622742,79.54693458694966
199,199.0,74.9196829744354,-2.237854358141478,115.26133479968951
200,200.0,88.82058711583444,13.754161792619563,111.98226940776927
201,201.0,70.03260233640009,5.706267894469719,119.20370404568133
202,202.0,74.99511745683338,-1.9859913906691435,118.57823014943331
203,203.0,80.1263676762921,7.51124177885027,121.20149983265657
204,204.0,65.36667483012066,6.327912980920695,108.95456152072863
205,205.0,62.68357237434848,2.5305456126569457,114.30036140975302
206,206.0,62.596058196399056,9.915633924639414,100.19952360677215
207,207.0,80.28315501528351,7.666963032329651,118.7669526479005
208,208.0,61.17536293519782,12.664736481838698,107.20110689095341
209,209.0,67.81589078403043,14.43960671482752,119.1006959251647
210,210.0,84.45909461902968,11.96727882529896,91.13583150346548
211,211.0,83.5916269884933,4.063931295578942,114.98976982486265
212,212.0,69.75705404064254,20.050261717622455,117.90348474449038
213,213.0,88.1608127880513,17.422868501657966,122.61588537001725
214,214.0,76.57759996477556,11.240041480612856,113.82918182111806
215,215.0,88.10065855494032,3.8461498017961606,113.55641877869408
216,216.0,69.86537080082257,23.074500559156057,111.64175364576614
217,217.0,65.45096721617506,9.557187675977744,107.80783945702797
218,218.0,64.64184317863321,8.393173437787755,112.70897495019025
219,219.0,85.80751001167545,6.973699114552791,103.03141047204902
220,220.0,79.66877779703918,9.966351272584564,114.58375020978401
221,221.0,83.94035099538677,7.836892885006203,106.78392537967514
222,222.0,92.90217010343164,9.03618944771694,116.97627027056168
223,223.0,63.66744709308654,10.243295496503196,112.98631217699605
224,224.0,78.41356652722648,7.375721318667684,117.54685507246478
225,225.0,77.39314788808487,6.5279471863007945,111.68374451403946
226,226.0,88.83053761255091,16.647744677555828,116.63370619773703
227,227.0,85.34303027172123,18.366855357403985,99.6401612158767
228,228.0,82.15200626783053,8.82905180703655,88.88267329254646
229,229.0,72.38600352935859,16.578041605339696,97.14615008480942
230,230.0,78.37417668561649,12.919384775581081,105.7326136394452
231,231.0,67.83565447960109,9.918195401382608,106.78330076486901
232,232.0,94.49995441751771,8.89844044388132,115.32456993620073
233,233.0,86.05097751712958,12.364988872894024,114.45092036754048
234,234.0,85.48722979879847,7.030015564076615,117.76707334301086
235,235.0,72.72575027607384,15.084588152876604,105.05878465169071
236,236.0,60.450309488476734,14.985113045120759,106.0813789047589
237,237.0,76.09800753462098,4.40680542397911,99.21978118645812
238,238.0,78.82316078644294,4.149910624552869,117.34280214995776
239,239.0,79.65788029832628,15.046854777687587,101.56035533968323
240,240.0,95.76406677283491,7.559501194017037,96.31630336664486
241,241.0,87.06112488488135,6.231272847349127,107.85509206722442
242,242.0,86.68931139716494,5.57791775149389,104.28205868749751
243,243.0,93.89042074176328,-0.4270736844437639,110.46112029717008
244,244.0,88.26298852230913,10.427856020032417,116.25097930244979
245,245.0,74.13718107198963,3.547010945655713,103.00630374379114
246,246.0,82.68705300603663,12.566027524559576,104.83689308145341
247,247.0,80.98977810556589,9.17070443230776,97.5339370934162
248,248.0,79.28871889500357,17.214950888508046,115.51011831842314
249,249.0,88.9979124356486,12.502496839819205,105.46223049763206
250,250.0,76.65896147419784,6.444348700063516,106.24361638234981
251,251.0,81.04546493512086,14.907928471700883,106.66503103093608
252,252.0,72.42966019143444,10.560596057728997,99.24442562927099
253,253.0,69.53858905254512,9.513951310161632,117.03659577224842
254,254.0,91.88115662032628,15.563432388786888,123.95200879659274
255,255.0,81.64376160957062,16.702926977981402,100.82250598700071
256,256.0,73.01515453094352,10.7037566772639,103.18839595317974
257,257.0,59.36868853786977,9.515592413601603,122.82868792192686
258,258.0,84.88348808672625,10.553306349713989,106.90772047972663
259,259.0,59.55144798093662,10.41601957469355,127.12581434067161
260,260.0,65.9739211037799,14.869664563839713,118.9311986619912
261,261.0,90.17327377164689,16.77392061046328,100.89486544944347
262,262.0,91.45270886493705,9.833090477320084,101.12929649383977
263,263.0,71.87576786602652,19.908168931550282,87.70187374033355
264,264.0,86.0592828932695,12.192866000384766,103.28725625671724
265,265.0,74.59038486557776,19.552522145212905,108.24824461395146
266,266.0,71.83747867358352,8.497432630820525,119.54244915187762
267,267.0,79.44267747936256,5.635293569694754,117.33373011703368
268,268.0,72.3526850534132,5.078412225112243,115.72506477545592
269,269.0,73.32939911303872,9.843487865674291,97.28590430887245
270,270.0,81.12433848002752,8.725514015574005,108.05957500664775
271,271.0,99.96802423018761,9.098093155557896,116.14152312097664
272,272.0,63.586860379333906,12.67434120610227,96.08417469561286
273,273.0,83.18446763591712,14.693429033798568,103.25761313021327
274,274.0,72.97585067849852,1.5434864628612903,101.29071262797652
275,275.0,77.23874147633093,14.985404212497823,93.20417621217169
276,276.0,73.5681551967735,7.848805138896377,100.50837560110274
277,277.0,62.47131920441623,11.782897114784204,122.737667305602
278,278.0,82.5641953104762,11.018339195176237,93.32294806867483
279,279.0,72.75524246252365,8.791556579768573,108.43911652167597
280,280.0,79.44142988809492,11.550862984568269,125.00711719199688
281,281.0,83.13663519049643,4.109591631085513,103.43121762494461
282,282.0,72.73194024952927,7.791413744364743,113.39811868596507
283,283.0,92.20571249621888,14.170798680222992,99.38620223212625
284,284.0,86.40223808287429,6.818023340061316,122.01155839648463
285,285.0,74.21051133237974,9.24673521779058,98.59356930343517
286,286.0,63.59948106211158,16.300997447750905,94.8818818538618
287,287.0,69.65710829240619,0.09780934380056827,97.96391325179002
288,288.0,70.74533688944098,3.4542551239666803,121.84663275506708
289,289.0,81.29808657656227,11.012706736136076,121.03181262036956
290,290.0,106.28920628213527,10.377814081786362,117.16295103613174
291,291.0,87.57092397372864,15.956935885132955,106.57289770894437
292,292.0,77.70124749559304,1.16759465246826,125.60359185924604
293,293.0,84.3269818079015,10.634979723463035,104.4756359271526
294,294.0,84.56377285089569,11.535372587657836,111.93339091244115
295,295.0,73.5555469512005,6.2791474471413045,113.82425579374654
296,296.0,66.51274913791303,8.001358841627223,127.8681142084856
297,297.0,88.4672400888551,9.032368610625854,110.87768927165216
298,298.0,73.4807150792297,12.744682904642623,105.50218241199103
299,299.0,76.53068885435702,17.682012973101525,105.40405684974974
300,300.0,70.85775854463857,11.746751578041666,112.03721601267499
301,301.0,90.50908315719272,5.584602341117122,111.25125058784045
302,302.0,78.01203436264005,10.503353058956018,100.06158190126098
303,303.0,79.51730373654921,6.315509031808082,113.98316892559508
304,304.0,73.68234823453204,7.601980684076722,124.42384129504521
305,305.0,90.0843321756275,6.005229139131541,112.23801558820736
306,306.0,92.69016478017537,8.251469442544193,120.47896025246112
307,307.0,99.82918032735608,-0.9392707621048366,110.67839503502272
308,308.0,76.94262563989223,8.616971284980389,112.54584694927799
309,309.0,61.29244229277583,3.025919006229966,113.33186312560827
310,310.0,79.96284071696027,11.71922227046581,102.92271137049384
311,311.0,66.18154942469144,20.223580108003464,126.9440876271494
312,312.0,68.54839710656428,13.801818725050262,95.23931640640649
313,313.0,91.33286296714465,10.114858825599022,96.26595656688158
314,314.0,70.4103745782348,9.531400282335886,113.48559709375019
315,315.0,91.21178914324565,5.26136211787958,121.45317643089643
316,316.0,67.56733885185278,10.420339162103183,108.73192803694937
317,317.0,86.17289531104346,8.493531800069077,101.28998933475957
318,318.0,67.7825711998133,17.574172243107753,99.6378467339811
319,319.0,80.4336591783774,15.683034980676833,112.1213715990181
320,320.0,51.678735461868854,10.099536279782438,123.21458938161861
321,321.0,82.06834517295994,13.963299170193952,89.93360722169473
322,322.0,89.7973004102225,12.314247905181768,99.83696124743238
323,323.0,84.02087923981848,1.5612452410644835,100.75267347188556
324,324.0,90.8209319834105,11.052650387919945,104.17339375985105
325,325.0,81.38194003385787,13.912994486401466,129.42662806973536
326,326.0,75.59364627150559,9.126650674158121,111.24827027738732
327,327.0,74.07431491353859,7.6536504487748545,111.70698149448184
328,328.0,97.40111001750581,16.522734698113453,116.34095685246128
329,329.0,76.0982634172122,8.948473117401027,111.55923443757834
330,330.0,79.41791384838649,14.529093364459891,120.28753277194237
331,331.0,83.87599099281807,3.0587452168984397,109.99724621420638
332,332.0,89.7419289802529,4.641334402325957,115.39475844794687
333,333.0,88.57932782249348,6.800306024633437,118.68176748067897
334,334.0,79.5270475719816,7.776756851990188,102.77534583547873
335,335.0,71.29513807114272,4.9256146709659765,100.84082007297009
336,336.0,66.21850444074458,17.278107607871927,101.22734694830744
337,337.0,101.61325495626656,18.951175275761393,122.69553530716237
338,338.0,95.65623194879954,10.610481536553145,113.64604112461046
339,339.0,78.32655418661997,9.509230517199445,115.36999680831254
340,340.0,75.8385437057984,12.216177971797038,100.57055391693885
341,341.0,84.19574769272897,6.573221235994726,110.4158913455407
342,342.0,73.41891646767029,13.578713518827122,123.60187085336841
343,343.0,95.37790963339826,5.946132619437801,117.01667539948514
344,344.0,67.22041340294645,9.397206725576078,106.83934269890423
345,345.0,88.28483447197952,12.422941516747384,99.05662846434947
346,346.0,94.75858973724124,1.4580687223526336,94.37719334337213
347,347.0,82.18297613926906,15.775873591262581,120.22432539768324
348,348.0,84.42173107404041,4.916919239505798,105.67522048784792
349,349.0,83.6981741467495,16.22189915088046,122.10268292562628
350,350.0,103.17801042103125,12.919637961482707,83.05074657423002
351,351.0,79.63549443435674,10.943499556720488,124.71600906773791
352,352.0,87.58942555461519,3.0587753903370523,93.74438436446326
353,353.0,98.97099748652018,15.028981089365434,116.2568329847634
354,354.0,86.5653968352647,0.036286713739379195,106.53573369228002
355,355.0,78.68097712832923,17.906325192658613,95.7896439976044
356,356.0,78.4412696838524,5.519949475543033,105.48254778363933
357,357.0,71.40277721463845,13.746180295314335,98.70078681894294
358,358.0,77.2069014421182,8.610184035092754,116.8627961829037
359,359.0,81.9444483826221,10.497716447948957,132.5464323771388
360,360.0,76.47334234665789,4.569627879827886,113.83722079360282
361,361.0,91.35552664956924,9.489818668411878,117.66758270055634
362,362.0,75.98982392407046,14.94730271084293,102.48584934230878
363,363.0,92.73660650461669,9.280018081053484,124.03375357877401
364,364.0,82.70521339817545,10.06313642489042,112.81325775246266
365,365.0,75.80484943839451,13.790123018386966,101.74598992752715
366,366.0,76.05899128010654,14.21694608535133,109.5474309561031
367,367.0,69.89971026301174,14.947814090623387,121.58302111024118
368,368.0,74.86863277026902,16.374783395899502,108.815906787661
369,369.0,72.82011529011231,11.37272826696333,111.64303348330465
370,370.0,77.18475914565093,10.498635672997898,116.43000650571433
371,371.0,46.15821735611128,8.697003623395743,103.0502997934953
372,372.0,77.6892358963009,4.127198173657925,108.6942976025491
373,373.0,62.19624968983479,14.991378267945915,98.55202398603339
374,374.0,91.26759310589381,9.757536241671122,108.41643915868053
375,375.0,74.6824029980631,4.804051480708416,108.17283759969129
376,376.0,78.19263049847626,5.516447361895432,119.34868053263186
377,377.0,64.33468016128653,15.976513100008889,101.50359783348546
378,378.0,80.13391973408463,7.427832745872983,102.05907214978188
379,379.0,87.01308086578383,4.243693943951036,91.63635497260648
380,380.0,72.13900444103312,14.115647777141481,127.41763745451394
381,381.0,71.98435729128073,10.500441421202893,110.96092236255654
382,382.0,95.4100806215009,6.136294814891269,103.49857141399274
383,383.0,74.93513056647596,11.270225935814867,95.15694809073348
384,384.0,84.00378611573733,9.780829819256036,118.09991620651425
385,385.0,76.09994538959633,17.47649112007722,105.01396685629291
386,386.0,79.89993442009002,14.233241480807337,127.7624463829765
387,387.0,73.18658706405965,13.74415543917576,104.7301560411862
388,388.0,64.67473360058474,5.998889581385648,109.00076742495425
389,389.0,87.11858641978789,7.509030198079674,95.29103639242867
390,390.0,84.26238404624304,12.51457414665894,88.78767154045761
391,391.0,67.60328049169921,3.277745198284544,110.45797860526348
392,392.0,75.13458519845935,11.276949929481384,107.20142068204918
393,393.0,86.96031751281208,11.904243377479931,111.0338172770375
394,394.0,84.34547563332694,14.061617972511733,103.30004861992415
395,395.0,78.07890392882575,13.555072674190372,125.48093330488935
396,396.0,82.2936047765794,17.484104229360213,112.48151322791422
397,397.0,62.90233156979929,6.606388694314587,126.96300859971184
398,398.0,71.02379148774025,7.3465846985883,122.78808479684116
399,399.0,52.46835894549136,13.898437763177046,116.33774658064469
400,400.0,83.78265271966667,7.5453196751166764,92.83376220732151
401,401.0,95.05932967586584,4.922328942499932,98.84030675734887
402,402.0,55.21373742826312,8.390863944156127,118.8883266855237
403,403.0,66.11609674028088,9.594360905687573,105.7158750446633
404,404.0,75.198761941503,7.453483046918774,107.38724552614269
405,405.0,89.5572007883039,2.590171842703773,113.87350570067835
406,406.0,69.56651365897389,5.725278525326655,131.58007526610874
407,407.0,88.0090824440506,7.639575483343567,113.51816980829999
408,408.0,73.88167722697645,6.495035339809579,130.00854857807374
409,409.0,88.17506156881014,9.31251908313283,114.25439390963128
410,410.0,83.7311612585664,7.794412377894771,112.29100501781608
411,411.0,86.3094293268305,12.085707686769968,108.63151742280824
412,412.0,80.73051981153878,11.50555957095286,114.34486739795204
413,413.0,90.14557441332371,8.485893089532382,108.26217243207603
414,414.0,79.58222533517419,7.36270661823128,116.8507414244853
415,415.0,65.88102279110637,6.975478986711712,107.33595372956749
416,416.0,72.87435997348052,14.630288924100892,113.33721089072645
417,417.0,95.2612438260658,17.00603583292123,110.4034350094208
418,418.0,85.049051705452,6.973457452212903,108.53428922001599
419,419.0,76.68395998399933,1.8126838076120642,117.36436661665068
420,420.0,82.10462373956423,11.120783704040392,101.33771563940861
421,421.0,87.86616167909348,17.603965263259642,106.06827182514695
422,422.0,103.22690992073817,12.214814673390968,113.4030874735315
423,423.0,67.26588514028141,9.654374319691602,102.91216210441758
424,424.0,79.58440154633938,7.8882460637482374,75.61369321666169
425,425.0,89.1073378660945,-2.80197816330201,105.31226551241313
426,426.0,90.35140571483042,14.992817942534172,102.49768554446648
427,427.0,92.29500290104161,3.2212765113620954,112.31562047327333
428,428.0,82.7829756060091,4.738605622614428,112.96958536978529
429,429.0,99.31303340581499,5.387235673773383,101.3228308458445
430,430.0,101.09215215388403,12.703090423532124,112.55274149937675
431,431.0,78.45973084437611,15.203304636544864,108.68774112261934
432,432.0,77.89404238585786,5.009594845477348,107.5940258555182
433,433.0,67.75318434996647,14.06183630570703,120.97844841384082
434,434.0,80.87054604295737,10.926163924470057,97.61415399122876
435,435.0,88.9136671086482,16.041665212584352,116.43523730510552
436,436.0,88.10086637233128,11.940722697581101,113.35556554818712
437,437.0,103.60350085839606,10.022863974473777,118.47972278622657
438,438.0,89.72605976734783,22.25813675690724,107.5934900813938
439,439.0,84.72486207689067,12.904376086914041,117.0989282521883
440,440.0,93.1591832397482,10.464743625823123,123.28733061311871
441,441.0,77.4925758390918,6.457556872348901,113.18160840464517
442,442.0,90.8674292216175,11.320413652104524,117.11227489791203
443,443.0,73.56073824071503,9.36577533976888,109.1502326587225
444,444.0,95.22122795204194,12.51172082809295,112.58371327073411
445,445.0,76.71539818067636,11.181243291745542,124.23929677523317
446,446.0,73.98727467464549,13.696812898962843,109.23295922844908
447,447.0,89.89884363922637,6.998907249359604,112.66097914857285
448,448.0,89.58998101271501,13.429296228224798,122.03952486005876
449,449.0,97.62982114021861,1.6847372000968939,114.30133383758772
450,450.0,61.72367348690486,4.738518026327619,118.71998871121353
451,451.0,100.83412477007147,5.713175170899228,116.38556574862147
452,452.0,74.14748863101133,11.643181334085314,119.40507431301344
453,453.0,76.97101195877646,4.268055767370446,111.41569893453966
454,454.0,91.69332069855683,3.7823329160266628,119.87878850596557
455,455.0,76.01320334484181,13.903376242136067,93.54681759095362
456,456.0,88.6142100413989,5.203999695470572,112.4128732891994
457,457.0,85.24590562486591,10.720486494792318,136.40962251045016
458,458.0,71.72355432682652,6.718892118331805,109.09387251521562
459,459.0,93.41557067344336,2.7772740566742,102.9773997007825
460,460.0,90.18679872514102,8.791259795856732,132.8555457379419
461,461.0,73.48312750927794,13.9229516943113,119.52183725511843
462,462.0,85.69383669931179,3.94388515800952,108.23202558951485
463,463.0,82.75716767126137,16.01406550670018,113.10825884444938
464,464.0,76.49488491494814,3.2458388051359135,117.3992536175936
465,465.0,67.39154620551922,15.254637510887889,128.16246892108384
466,466.0,75.25778823740701,9.123842407564906,93.34235008042799
467,467.0,80.61470581082088,15.332622166383766,114.77591891164985
468,468.0,75.64740759236123,5.365526663535256,119.78046927785559
469,469.0,69.45170264709022,11.338246443335086,125.72041242070367
470,470.0,87.67268743182285,15.53562356797299,133.38680684391554
471,471.0,73.20517382294148,16.823383282323178,116.42477351947258
472,472.0,87.33566548648695,10.495154538284844,124.39428688893001
473,473.0,77.61652845474232,19.04918113598885,103.39293293567702
474,474.0,80.58051029070269,11.324985269928746,114.17974316914827
475,475.0,101.78538934308581,7.075130915036336,102.83589402376748
476,476.0,67.25537492062955,3.4685445532106653,125.3356925516818
477,477.0,76.43611351345302,16.70241807945261,120.40290588866702
478,478.0,91.85628872703556,8.240923005963465,123.33949761937814
479,479.0,70.48377194607879,7.880152582869175,105.25710276626505
480,480.0,64.94504150748745,7.098955463998793,101.1427198914941
481,481.0,99.51290224449639,10.602369503136345,109.21516850574193
482,482.0,86.5660821167071,18.343601665446737,104.58553469754452
483,483.0,96.2147134113687,9.279278928555868,98.55168446711957
484,484.0,85.90707966656979,18.608914229676984,108.36993251993452
485,485.0,58.975846804814,12.12276391771641,112.7786763601215
486,486.0,83.42150009719266,17.348263784860528,108.22532453820534
487,487.0,65.90541496261329,16.097674128300653,79.02683109616497
488,488.0,81.10817306971302,8.564166424130764,117.81461015133766
489,489.0,90.50404092230558,5.3146220566317375,128.17615827836482
490,490.0,102.3907084245161,8.981969882790018,110.60030978761131
491,491.0,82.12995593729089,5.693133771214144,108.15949102904814
492,492.0,64.45383775668995,12.84498384869958,109.58639185659875
493,493.0,84.31317253419965,10.872402318677134,124.60308812486281
494,494.0,84.15476982068242,11.794267260914456,107.21731436973383
495,495.0,94.16996811774645,3.877328007403512,109.83757883546478
496,496.0,80.77633502528121,16.73607024596619,104.94691540517624
497,497.0,74.548640321631,11.759433246068395,106.00436034417332
498,498.0,81.23425896542716,8.456546127022003,99.46365040440052
499,499.0,91.24441168397425,14.236264357007215,102.80722073815231
500,500.0,77.56858075344206,10.16684697214416,107.36868050959319
501,501.0,59.13492710268509,16.890805971743973,119.96945008393897
502,502.0,65.25367518876565,10.6174716715897,111.40796275148561
503,503.0,90.53788534710594,18.751082198987394,105.59121736672618
504,504.0,97.08108914820579,17.539684772936166,112.31399580523077
505,505.0,67.29718312605324,17.656375965674528,100.06484288190771
506,506.0,88.47249842388263,10.946159753522924,116.88505981173559
507,507.0,90.95428718234456,8.568250558694604,131.38735316448424
508,508.0,86.86005712084332,8.45162921413569,111.93552553457539
509,509.0,82.37423414896618,9.932543004916718,91.49343256941587
510,510.0,73.33426311882829,3.599049904706283,95.58440514410513
511,511.0,84.87564535361915,13.085586398409234,113.02126686597326
512,512.0,75.3184892020296,10.040461538656299,92.34422019934087
513,513.0,74.86748214823334,15.34268658486528,116.98223419399471
514,514.0,103.97696782071849,14.977799795491151,98.18972532793727
515,515.0,88.28350183785125,13.695909425808651,132.51458727615793
516,516.0,91.55722179277821,11.641440414613708,121.40289128655601
517,517.0,80.45499640366536,5.952586485943498,93.42300221683237
518,518.0,61.84887605000784,2.157884756960277,120.00842579816552
519,519.0,74.37701016777805,18.578293466173456,108.65624635418845
520,520.0,73.89047979817154,10.598359353793475,117.00546160171447
521,521.0,85.57912416750511,9.788193225256027,101.05465613471827
522,522.0,82.79415655222591,20.834067235528103,119.60555233879764
523,523.0,81.04986912743523,8.833035593872392,96.83353868365572
524,524.0,62.803004498289134,6.712307751578054,97.47853295424677
525,525.0,61.490462229601555,11.762531350758586,107.46207512206816
526,526.0,77.61973995735568,9.888998875579194,98.56571652129234
527,527.0,75.67532854396373,8.44576969031286,115.1637136782089
528,528.0,75.85258208306706,9.438117322203142,101.4593990478314
529,529.0,79.62676061804753,12.002717949461026,125.14247078528332
530,530.0,83.3968182197633,20.69949240145811,103.61279128639654
531,531.0,82.46914389895672,12.723981426433651,120.07917846266058
532,532.0,78.71760971809687,10.26822552441725,106.98063783437219
533,533.0,83.90349001148532,3.6990488615419883,97.65445820379185
534,534.0,80.40586287729684,8.421355408409655,102.83685025583259
535,535.0,81.04103385724663,10.665951016110878,113.73131780749044
536,536.0,79.39003453077031,3.7310749432712083,116.98921094844884
537,537.0,81.91453175500395,11.695188707140886,94.90528490862707
538,538.0,75.64303503219367,2.9158080420280115,116.27155775078353
539,539.0,98.49102481936245,11.105502957025543,113.10204681757409
540,540.0,88.05079915498628,2.694106972254003,113.8033426302093
541,541.0,80.868257306956,7.41505948633837,100.44167862625686
542,542.0,75.01062198624078,0.7498580969162312,106.22414490801428
543,543.0,94.02102656124481,7.205319457871163,112.3423667776718
544,544.0,74.01101809449989,9.836296176333448,92.65065449510199
545,545.0,84.61544203260678,15.14728499179733,125.74654880511555
546,546.0,69.17674957884734,17.31445065663099,110.20309075305572
547,547.0,88.09729818804557,14.271125336113524,92.49841974968092
548,548.0,88.55028389125495,19.9033293611506,104.71770126063572
549,549.0,77.4561451578411,18.8792780157828,111.7892069103859
550,550.0,94.46623841365471,-3.18637442948512,109.54803355080519
551,551.0,75.47207932908013,9.46909434145168,85.14776874855883
552,552.0,81.99886626822686,10.578481435909335,121.43929986950461
553,553.0,68.15225093986484,16.232753231855675,123.18589158634305
554,554.0,84.56332047975782,12.325990417338405,113.83769139347817
555,555.0,78.7399214513464,2.887452689455225,114.01387740466811
556,556.0,82.35129709527293,6.781599623205849,108.86838586571548
557,557.0,70.72252359841396,1.2073153796993275,118.77690843258807
558,558.0,88.401805772211,14.617733712246132,109.32988700320465
559,559.0,98.24834412447773,7.580985892192935,120.49696166647963
560,560.0,78.79710666885498,14.775080731219175,99.86830278963589
561,561.0,76.1836539000354,4.032553508972157,100.16390356715897
562,562.0,71.71158782979843,2.1102597220639545,97.9772314328353
563,563.0,68.33589869106898,7.222750936920105,108.59783060136901
564,564.0,89.08723331458437,10.847478944112945,108.34026253934019
565,565.0,94.03121097213106,20.11351914563179,87.39575974370047
566,566.0,68.95011359797029,17.71118752644912,104.6701648021863
567,567.0,80.08013582777744,7.410984808010616,112.65701315751416
568,568.0,68.57954439373123,9.009617624529673,95.68134441709034
569,569.0,75.5529044236113,18.685495070413744,127.06946377829533
570,570.0,73.2354359780587,5.0841593825296325,128.1621609953849
571,571.0,85.21214153151415,16.568200736924297,100.82214834267728
572,572.0,71.89237387215886,6.696448907931491,88.73094808864774
573,573.0,98.4221175840629,5.2731172997504006,114.89153203399782
574,574.0,78.06172788366833,19.987084309900105,109.74516361816794
575,575.0,63.27436556771446,5.149720524310679,107.42489722410187
576,576.0,78.29831273895462,3.2361393058619505,114.04857722626035
577,577.0,78.44209063982726,7.208302582303262,102.99727861353932
578,578.0,84.48900524795239,15.667837458792443,97.26908954720543
579,579.0,85.25122061646982,-4.260587134280367,118.24989127755282
580,580.0,67.40034715421358,3.1109370725678787,99.40756891220317
581,581.0,69.98446736813733,1.9714749847410964,135.8698376330519
582,582.0,74.882338402603,15.182029560031605,101.20587889425778
583,583.0,83.86383711108442,12.32711961063512,116.77283153133921
584,584.0,83.07312752659342,12.694927995145102,82.39907250741715
585,585.0,91.06985029130254,12.633632685847491,102.19652366003868
586,586.0,79.66092323379412,9.761865342771493,115.99852608614547
587,587.0,78.3396981669881,17.314118714564195,87.93210597898371
588,588.0,81.0035280373515,10.377458211193929,113.64314195461401
589,589.0,70.47865014832797,15.52407577497179,117.94487664610868
590,590.0,74.89832797422713,20.732907974121947,93.79893047462089
591,591.0,80.30151400567279,15.123569475985395,117.4015826667448
592,592.0,85.08886921561897,15.544492857505645,117.44584683395843
593,593.0,95.33310868692061,8.490947981159309,95.47045489979341
594,594.0,89.49816089962644,13.14003930275077,107.62076643118763
595,595.0,75.94944630037494,7.746689453700845,93.10932561776247
596,596.0,76.77845351102214,11.091196840867466,106.747908333576
597,597.0,73.18207485776679,20.033131547781796,106.0300883279972
598,598.0,74.39952953646832,9.107853992504246,111.74503248900558
599,599.0,86.01739577553184,13.226302165459993,117.77623914709518
600,600.0,95.19365773269737,15.754461868045777,116.39732421472414
601,601.0,76.29847397947117,9.281606499074684,106.90754824611028
602,602.0,89.56357382902154,11.38008659429664,100.95518963995401
603,603.0,63.69315090258996,18.580208688280692,112.2755109824991
604,604.0,54.658566303287486,8.649507791648364,90.92501392921811
605,605.0,76.6626501952652,4.875469535983551,97.46817860325615
606,606.0,91.30788790236906,22.5000337626941,113.18555768855168
607,607.0,83.95204576338008,6.403435693918734,101.25916795382464
608,608.0,88.73532847913324,5.936343616761053,107.67606962272005
609,609.0,75.56723583327202,11.271096514046832,109.61365699358612
610,610.0,59.77099431609098,3.037728443894542,128.06549202233435
611,611.0,80.41812154950587,10.803495403086751,124.54450639405687
612,612.0,73.03919471816197,23.355597172599097,97.52903782380622
613,613.0,73.87600773745302,8.710972155094126,107.23164059695807
614,614.0,76.32195732079275,11.337771073678669,97.6178361002022
615,615.0,76.00879677413569,8.567703954528454,113.47042455527549
616,616.0,86.4874823511961,5.904536345385339,107.49368411785993
617,617.0,77.62787755086411,16.32698986020165,100.55422591335044
618,618.0,82.56761625890417,10.082630787349524,109.67313348217658
619,619.0,85.01549131896518,13.446795678201845,138.6400311631019
620,620.0,83.05839550109552,12.58101854681772,128.33688005125995
621,621.0,60.59678964376258,15.124559386168027,114.29661030209012
622,622.0,64.72282096303576,6.230014770338564,116.39828057648081
623,623.0,71.85149657350698,11.555052398086167,113.11641059825781
624,624.0,63.32087173124648,17.14987793031829,99.76446221019202
625,625.0,57.24785756239934,10.872554137518382,123.83945563694206
626,626.0,85.45191530344462,10.869693175767365,112.48294477301536
627,627.0,78.38216261836396,11.257313650437528,115.6413547257088
628,628.0,79.55721730871872,10.90482659594364,118.01378127438532
629,629.0,74.42093326066232,17.020793560328215,112.51107151055677
630,630.0,87.0444388411632,10.592090184889313,89.49927707483648
631,631.0,83.55925538171938,3.791936457955619,100.6174143636041
632,632.0,83.27991118895225,7.247054955621907,105.28783747079153
633,633.0,91.48471299724172,14.1684480961639,100.40865787510587
634,634.0,81.28924646734933,9.511882077766755,116.72428249105201
635,635.0,86.3538468936254,21.066698320255686,129.68858672031521
636,636.0,77.41400404180573,13.285140452399974,102.21040115149836
637,637.0,70.80814405357708,10.850100223470472,112.15144139694299
638,638.0,83.33523916176722,2.770881023659401,97.33439365465813
639,639.0,76.54144246021984,13.429161497675313,125.7232082014759
640,640.0,70.1428364604208,16.29313240853526,92.31145741563606
641,641.0,63.759344222283616,12.412556919415335,115.3907905297776
642,642.0,96.95275456125793,10.017557914139159,115.17147877268631
643,643.0,85.49732456023158,9.948575028671609,113.26808578028574
644,644.0,58.94863976693131,13.941591580423934,122.93179766466749
645,645.0,84.14507577964851,9.394795370112087,118.30795094753243
646,646.0,76.53035105592672,19.758825756412186,116.32298570428252
647,647.0,68.13228779147751,11.795592488398576,106.99166465829029
648,648.0,72.96155581605308,0.9743809818659077,98.71168081345492
649,649.0,86.53421234843336,3.9496657886307487,119.84052400954995
650,650.0,97.30513161125472,13.92936526868172,117.04512536574407
651,651.0,75.93101816265369,-2.5518969388947976,135.8093674186845
652,652.0,62.02969137723625,17.270652551491942,104.74771265914816
653,653.0,86.2928417470494,12.05447371036416,99.76745591617745
654,654.0,77.42719367168924,15.480575306747843,116.76956011195055
655,655.0,94.49031571238645,10.147076325553543,113.64674727431286
656,656.0,81.3129143469035,15.122424259183518,128.23742083767115
657,657.0,91.07429667025403,4.555271522673225,111.01298927931275
658,658.0,66.0184476473042,17.475614943586105,112.98750015076622
659,659.0,68.75232264123846,14.078272134370103,91.7301284352591
660,660.0,78.5328144837996,16.272486187689818,114.83518394079312
661,661.0,92.79031914285537,18.19007644883598,114.31053248854627
662,662.0,75.20309660692593,11.467432146543693,105.33065683003728
663,663.0,85.99110186262106,10.832506002902552,113.13020037167193
664,664.0,61.59496799383148,9.41393554991949,126.22704151904767
665,665.0,64.85955389774382,7.72356978957372,111.1493888889276
666,666.0,84.90709885487247,12.822563081067074,103.41268593289666
667,667.0,87.61317451533554,16.773711210698398,106.9174765000212
668,668.0,79.43647049288597,6.308968196366876,118.02298848813763
669,669.0,83.11985064226546,0.00015176707069386453,96.37614164774229
670,670.0,85.66058228747909,3.355551191003051,113.42163551280063
671,671.0,82.17292612129957,9.676566461246386,132.36270980137556
672,672.0,79.04470735426605,14.948006474724894,112.12506037659554
673,673.0,83.02331444517142,7.418164920392083,96.10521828567244
674,674.0,92.68567601434663,5.76415289462211,99.38639351517725
675,675.0,62.601156316584905,11.278394207765036,106.71987113736313
676,676.0,80.2836854803493,18.468125622690742,113.68427724305516
677,677.0,78.44342536671459,14.17131085355706,95.55998908109036
678,678.0,80.72569470923506,22.39758766725685,119.48250855920051
679,679.0,89.1373734325554,13.282746799739794,104.16929893687502
680,680.0,73.18777277733267,5.01314450765611,112.58421116711182
681,681.0,74.08672187915904,14.940845957101523,112.89498055053534
682,682.0,79.06662786223778,13.136261605888462,86.55617903418616
683,683.0,65.91427482652156,9.528709075592836,113.09048167122539
684,684.0,78.71315137159202,23.92316105687709,117.71145226551849
685,685.0,82.75758365430869,8.643052638653378,120.13359464701902
686,686.0,68.32380037958225,3.7915391423563394,105.9624217841974
687,687.0,46.203368536184,7.0914757633696075,120.1283321198562
688,688.0,87.29500780599898,19.89051998658266,109.50760501701329
689,689.0,76.2585180600964,0.5016342645637213,85.48805550916633
690,690.0,84.94634595661688,7.745397687657379,109.16486109535781
691,691.0,81.71241655057958,8.40755546710849,119.30802996966605
692,692.0,69.29410912942471,6.775012258455796,118.2136547988746
693,693.0,89.1257404627066,11.85795264600798,113.1502627839495
694,694.0,86.07871872813116,22.69785114915134,108.46088396036774
695,695.0,58.63992700860165,17.791684368968504,132.69922760846555
696,696.0,70.39696908868194,16.95712179017466,107.18583329953535
697,697.0,82.1091687821148,8.383605385586257,97.63604608646276
698,698.0,81.65959568972964,10.085304566937301,98.49481306570388
699,699.0,86.82252931426433,7.749699546377788,96.2006458215948
700,700.0,82.29574800987598,3.1813840316273154,106.14317238239289
701,701.0,82.06547832661853,-1.9688986097372272,110.65023441271654
702,702.0,88.35375654169871,7.847567665069467,99.20228582209334
703,703.0,66.88450090572097,7.21336302698703,121.60154700776238
704,704.0,72.46340938530982,5.8136381784914155,133.48400419572818
705,705.0,78.24096021839122,4.504511983400658,104.52313182917744
706,706.0,73.91074053271905,9.869740567114563,106.35167290250413
707,707.0,79.32548810470985,5.67521198077406,120.51776283413645
708,708.0,90.3803180276537,9.730876324249536,123.72775387131139
709,709.0,110.4591771136943,14.541099912589264,92.71083815816095
710,710.0,79.86702080890026,10.287300689876052,113.82607493637761
711,711.0,71.61300320222963,7.655320025031386,111.91728438048959
712,712.0,67.70453911999142,8.945457914100459,113.61438911954362
713,713.0,88.69440859320783,10.697656115653995,114.11795072231418
714,714.0,75.14606695963653,11.098755974205682,102.71582888303323
715,715.0,88.2630779139891,7.376441488081879,97.79660320257655
716,716.0,69.2725885643305,8.396417182388955,98.55355121884595
717,717.0,67.56118161712077,-1.2544394807806665,103.39269371495833
718,718.0,77.38536290259205,2.4910892806393345,96.28098244030419
719,719.0,89.14379987443488,11.135770164312293,108.75455393809415
720,720.0,111.74118668628992,-7.5578933107086534,109.57246659558493
721,721.0,95.33116104813826,7.065708679881277,111.22096040876437
722,722.0,75.82203354507837,12.583784406777712,96.17542126568738
723,723.0,91.040054716717,13.489751848762905,119.68695460109447
724,724.0,89.8470504735755,-1.1288555462998886,105.67338490298154
725,725.0,79.68460570611839,8.939793878468343,102.44892270007594
726,726.0,87.34475098944493,12.218856175892519,118.21593064092923
727,727.0,77.80773046928971,7.103008358841874,111.40487996236627
728,728.0,65.4252748910351,4.9264587099562345,112.04145086626451
729,729.0,89.00563579232764,16.304543049503465,114.0822479390582
730,730.0,83.31112567913982,12.402894582351745,107.75874026211713
731,731.0,94.87058680258588,5.273949542969547,115.25211982180748
732,732.0,71.68444866254778,22.56339188818854,124.58683163406094
733,733.0,72.18283712721133,16.18308712634832,100.0671204768343
734,734.0,75.77519483725222,14.346910124663342,92.8233940754551
735,735.0,90.62073896830063,8.939793848060189,105.71080632799341
736,736.0,73.9415750319653,15.004564944284272,98.31834009564649
737,737.0,71.94831628102155,2.334108493033934,117.59223660005352
738,738.0,87.58724903373451,11.96281085370319,99.79801227378543
739,739.0,85.83815590058589,3.1094421884940413,106.39451981893892
740,740.0,72.7280074686201,5.252954382318959,110.93569500173813
741,741.0,80.45003890368085,10.971135593876683,113.82232962397372
742,742.0,71.6546886536044,12.112251016377357,128.60646638591518
743,743.0,78.059672501949,4.12020611111544,115.3781882347281
744,744.0,78.4948786603375,3.683855772185108,103.48083582309889
745,745.0,85.41850627473212,21.17276596787882,130.60327166058735
746,746.0,89.95616313118443,8.70131610217347,108.24828228038267
747,747.0,89.6346180408516,8.242143394627231,107.03629255642795
748,748.0,82.35729987275069,9.449648314320935,101.11552315617621
749,749.0,77.29097444485453,8.631703419019484,112.93514202411603
750,750.0,82.66297744007717,7.378699144687741,110.83256994239167
751,751.0,92.39269468727807,7.649426361892139,126.8146998706769
752,752.0,96.42444594575599,8.18619809531422,120.24237113291535
753,753.0,80.01241577089269,4.2876817841311174,128.95718438500683
754,754.0,71.64010436850879,17.284326419770604,119.84302390087656
755,755.0,72.21454597513372,14.455753204520759,114.44088570115862
756,756.0,68.49388611994365,9.019144804276142,112.83755540568247
757,757.0,76.35079544827381,12.80033490440273,102.1961585345242
758,758.0,74.02197560772069,4.518297278222151,96.51006558923596
759,759.0,89.5711464894356,10.81150274066343,116.72361901262593
760,760.0,84.34712447756587,4.197700626962682,96.27155631613414
761,761.0,75.42890424091577,16.339827542196556,125.79398334564804
762,762.0,92.12540766626793,12.694870189467254,111.77731238258326
763,763.0,97.158394741584,15.85459179415249,114.44458537858232
764,764.0,83.11123954985628,13.318858449994263,123.66119047114752
765,765.0,72.22041253226692,12.785979693334706,100.40574641252394
766,766.0,93.40802355457703,6.705559360444184,120.1767123802627
767,767.0,84.4101006994143,4.704534381595583,109.60462392741348
768,768.0,83.25030801165148,11.268472556694507,125.8490864552065
769,769.0,87.69512461477575,13.539165446144894,87.1192406637644
770,770.0,64.5052317301172,2.6867726154932363,109.82873364507317
771,771.0,66.07430874217707,14.822384964204108,91.50322247003223
772,772.0,87.4629372389211,1.9399442340629527,98.79938079668834
773,773.0,67.43305419137992,9.298470682919138,110.15499122975159
774,774.0,89.47315533623146,10.734553388920926,119.2184353955401
775,775.0,73.75468253787562,5.430931952396304,103.37453913198544
776,776.0,67.48335110994044,7.035236372211732,124.16252281629856
777,777.0,77.05183241433271,8.644048351312463,120.37187562125843
778,778.0,80.49762205358601,0.553968833350174,109.75428942345309
779,779.0,94.10672023306914,2.60812924604239,134.297560887356
780,780.0,86.75227753508301,10.89445708387546,96.57523328729903
781,781.0,92.78491778249398,13.349941613034996,115.64357133085886
782,782.0,99.81464163235948,10.401662801675611,99.14497486877826
783,783.0,83.37308888267438,11.008521858808331,109.48707590048335
784,784.0,68.35797438603902,14.986978945603912,100.2383348798569
785,785.0,51.70160828338014,16.866289605168717,115.09780480908472
786,786.0,85.82070028534167,13.789825417422257,102.24508339953049
787,787.0,82.52361589167778,5.533006746780077,110.82510710183796
788,788.0,66.54604976646158,2.0061047995907924,109.34685859345446
789,789.0,73.71350609256532,7.943332985475545,117.8729158415927
790,790.0,77.22836834378468,5.642187372057698,112.09925772006295
791,791.0,78.21986901512224,3.192284389922671,122.94936125809329
792,792.0,78.62296918335564,12.586351193729618,108.55611451687518
793,793.0,76.56927460431694,7.783446979521828,105.38096868471114
794,794.0,110.14674649205962,13.582210523967825,113.24877591583372
795,795.0,61.90242516006512,16.770410063963155,90.91153446291334
796,796.0,85.65592581142982,19.518635195386302,113.82250256730892
797,797.0,80.78084143263985,8.250013263980435,101.23639668871472
798,798.0,85.26013558159032,11.267958012888213,106.07686505010247
799,799.0,72.10309931193008,8.676556405264742,108.36182388002402
800,800.0,84.33501565319023,16.947770740808195,102.9471878709891
801,801.0,81.30976281495641,13.506679432870014,119.68920864604031
802,802.0,75.617192549357,17.38526356534605,117.83306484842338
803,803.0,94.42908870968974,14.118728207918188,100.8787306629804
804,804.0,81.48697625576347,9.278501630190858,120.71600523522469
805,805.0,89.57593381462362,5.13804214464648,127.94651233197835
806,806.0,90.08328369945656,10.267046195282717,97.67535761081105
807,807.0,75.18289957968048,9.239611885659752,110.18950215745967
808,808.0,55.59553145484378,4.718605524263549,113.52014786722579
809,809.0,84.71276403437422,16.4419455861697,104.56723295146712
810,810.0,72.59658432397636,4.399695299962433,106.24841123918206
811,811.0,91.37476141235716,17.364179350218937,101.24445364216784
812,812.0,99.2868014821854,16.010588691858132,105.52723484352983
813,813.0,77.43545475335031,8.433773248641348,112.11597186910721
814,814.0,73.55921444329879,9.0969692651232,110.4878653385425
815,815.0,68.69136506466384,7.89621429476202,101.5163377248735
816,816.0,86.32559359430986,11.319646516541528,88.44662257492699
817,817.0,82.32250133553183,10.250490079876299,108.0155610000811
818,818.0,80.64375696832869,7.359013392713996,97.54247964806854
819,819.0,79.46653244008051,7.537200654105156,134.4029415666707
820,820.0,66.6463670885895,8.899967857198606,115.44341711684821
821,821.0,77.58232662971447,8.445914124086512,120.06996609027914
822,822.0,55.08603927007019,11.10391948819572,116.7156817645625
823,823.0,71.62731117103719,10.040824582888794,111.61414585971548
824,824.0,88.58973756915924,12.478730751729122,107.63939135519051
825,825.0,68.39723940397293,12.47836962016828,108.32962110525773
826,826.0,67.59970233085481,19.84686612817574,119.67707585864495
827,827.0,76.95338139967912,1.856976944866192,101.70319113408627
828,828.0,74.32184590279711,8.563711644462504,96.65751437604752
829,829.0,81.26688837641196,8.705544150885885,121.2220356262537
830,830.0,90.96801432505319,19.850002331893712,116.75486823437444
831,831.0,84.20358208310348,20.902009366430576,125.45028850805772
832,832.0,83.80450035042713,11.279054714389414,109.88349186117475
833,833.0,77.4919597771957,3.2950197431478943,105.85387207367248
834,834.0,66.7821431412292,9.51181943058782,103.44222436899688
835,835.0,82.19854901711193,9.650382818192888,120.38554553204705
836,836.0,80.61092233011117,7.2510247019372756,99.46773767268398
837,837.0,85.89110615334947,15.491099105677186,106.7017215955304
838,838.0,76.13092182969773,12.584685578872996,116.26752466031517
839,839.0,83.69679701912435,3.9587190392001155,116.47843030136171
840,840.0,85.46685362910955,7.124359989287775,107.84530803212999
841,841.0,108.49859003236676,13.467618631871822,96.61448612783518
842,842.0,73.59852959838437,6.078092794730104,119.4414679325278
843,843.0,81.28705036030216,21.208835061824452,99.15424502328045
844,844.0,77.09647307089224,12.182702877455528,115.80186176540425
845,845.0,92.23963777957441,11.603111548197283,102.47606788160866
846,846.0,73.93582026941249,3.6954265934263404,113.21891324391831
847,847.0,84.06800885635522,5.846956638209593,129.76110290158726
848,848.0,61.085455639413055,4.426976092631612,89.14577778790897
849,849.0,96.46060209223897,5.782267903636425,114.61684510065157
850,850.0,70.56600194890922,11.135166005898483,115.90147838532289
851,851.0,70.54937568755449,12.620449960843072,96.08368997449526
852,852.0,90.02374824711369,11.323355755763941,94.61648913495313
853,853.0,60.01933035144373,9.694337261672095,133.19039071071163
854,854.0,93.25008517972537,2.9027667621084277,113.29543095238144
855,855.0,74.07660311858213,9.528347311772812,107.64562017729168
856,856.0,76.57429017910853,9.533679989197715,94.41929681314947
857,857.0,81.21976855389735,10.570243414792719,123.92208961831142
858,858.0,66.62065797910827,5.159173183042152,124.0117173719846
859,859.0,86.89715523787956,8.796031036020754,96.19129663697369
860,860.0,81.57161193733712,13.610231233405031,104.37528606899365
861,861.0,76.26403179589232,7.565196862926586,102.74780850032181
862,862.0,73.19506637224137,13.3821997972344,109.24365113183525
863,863.0,95.47950264582508,4.47437204448642,107.79529297479556
864,864.0,72.04795425398832,13.747022723547278,93.50557449560084
865,865.0,79.39711429043442,7.528802059844319,104.88391703209516
866,866.0,75.79311552344453,10.996078739053296,109.30706348536545
867,867.0,87.0713968250263,14.034433226598967,130.0741937746691
868,868.0,75.49062663380053,7.749630432722414,114.47612622609793
869,869.0,66.90308890144844,10.473073385889249,116.22931339525904
870,870.0,76.73307378163645,12.748062121430763,121.2197274353264
871,871.0,62.93678078287278,8.69480264187061,120.97865896783196
872,872.0,75.09865710236659,6.6104516850178845,109.8336876185224
873,873.0,68.22883236325977,7.884805946778406,134.8464632154549
874,874.0,72.29830376255872,15.265355291357855,105.40702012023596
875,875.0,76.9615050722549,17.153315541279895,105.98448542488985
876,876.0,82.9108025302098,11.590545307250018,111.04248534953588
877,877.0,84.76919333146503,13.30152222928913,102.64126595491165
878,878.0,88.32208047012126,8.989091671439308,110.9276194578869
879,879.0,85.88841696428585,10.978441179174025,97.74053610433201
880,880.0,82.37319927354477,6.660528221877711,116.83401108042962
881,881.0,82.22862944386773,10.994756656665064,110.03123077311807
882,882.0,78.76913588455791,16.50586070964856,103.12995582360234
883,883.0,58.92837968214736,3.979244168510556,90.75733675558496
884,884.0,80.59970744878841,1.1817547280595697,105.96214718695548
885,885.0,64.58216327414917,11.830489730042647,92.67849821321624
886,886.0,64.74113204107533,8.263957870543162,107.19155801261668
887,887.0,81.83173200238701,12.010205552176947,120.57956700550382
888,888.0,80.23483112458499,3.621830945595618,106.91605141565701
889,889.0,65.13509590509628,17.223935104059844,114.54625616846815
890,890.0,87.62964148606271,14.940092512673175,107.50609462368513
891,891.0,86.11033460202185,12.141232984579192,109.9589371693555
892,892.0,85.89769184846718,2.292038710316988,104.52737347921406
893,893.0,87.07293456440448,10.235001200984533,114.45574005269243
894,894.0,77.2946384480874,2.4051211536845845,110.75146305447426
895,895.0,89.6405367067309,11.401640826662115,114.49251175373946
896,896.0,84.01383134262436,9.250210757041485,105.0983331917865
897,897.0,71.46027425599436,10.915181870465695,98.77475389465964
898,898.0,82.64701769338018,19.30711907419507,122.557284636016
899,899.0,76.5535298265398,13.984643048561072,115.69753292204996
900,900.0,72.69948368301189,11.369066532685292,107.58494551731773
901,901.0,84.53049508537339,14.930266806432675,104.36130233999137
902,902.0,67.78035352154251,18.776820591205116,105.85082789672845
903,903.0,91.48063184730147,1.7661562363724066,107.46117100147136
904,904.0,88.63748960617359,10.795688474836812,131.68470418330338
905,905.0,73.06382552544753,-0.6700411742692847,114.44486736701288
906,906.0,71.23321043860429,7.0935595671288185,109.83064718632423
907,907.0,71.81943696184831,12.673422450830348,89.99743769015706
908,908.0,91.25801133414156,13.139431677327957,101.4461968652456
909,909.0,95.1655445104649,4.636455385299544,106.20956099071893
910,910.0,76.2883335560649,8.78129852192107,106.93582751072327
911,911.0,77.05599923468017,13.337382657321761,102.44262362964616
912,912.0,72.10630099877993,9.006743857826562,94.12294780015742
913,913.0,72.8582425362935,9.738797480902285,98.95739198302552
914,914.0,83.36211655976601,10.756956976509292,110.70664392573038
915,915.0,68.63310396302859,-0.44823478814074136,112.31304178058807
916,916.0,83.15825802538541,15.722030502548064,115.0221579424714
917,917.0,90.93993515100115,10.006491639463464,123.7836734266926
918,918.0,83.77291936396591,14.500573209090419,113.27117495044078
919,919.0,93.57978341176569,8.782925299654355,115.31466234296639
920,920.0,76.47775765276144,3.4847357831522316,133.72085429608657
921,921.0,79.92093133391312,15.571754704167713,123.09100639463877
922,922.0,60.825161985730034,7.835016253763828,111.08376023248778
923,923.0,80.57503721496244,8.993956665768678,107.06448259822787
924,924.0,82.36293565303794,12.400247057136351,115.21974418204029
925,925.0,71.07968754438046,13.170252975435266,111.78756289860434
926,926.0,61.33419429346911,15.910029160471986,105.92797683308886
927,927.0,74.06633550941564,9.540058069110442,110.09008030121437
928,928.0,90.3019789118134,14.820329894248639,115.23819316780991
929,929.0,56.20418644004035,13.048575403458495,115.05335252184415
930,930.0,79.38884020923564,5.936026889553828,137.9326143709011
931,931.0,105.3481483585597,11.539081572456583,112.06126875754111
932,932.0,96.158034159918,5.986286403216672,99.77246827867187
933,933.0,69.38843581294738,9.376368315745525,127.83829636075598
934,934.0,80.05444268806474,7.920385206801734,107.13385396013749
935,935.0,97.15822831748791,5.771489201014258,98.86634711943896
936,936.0,80.59399907881289,14.417942908537583,100.1983540630087
937,937.0,75.77277350742658,16.19688293435286,122.72584283841384
938,938.0,70.50411455427492,7.590704345866678,124.61962689251823
939,939.0,92.33805718688106,6.774186327992305,113.98272112312429
940,940.0,76.28563485339694,9.98157698024385,107.55227604398891
941,941.0,86.91004365483495,1.481269630146846,121.10346900984965
942,942.0,91.18608330826558,-1.2959033712277641,108.1005713548049
943,943.0,78.18392871794553,7.547529754876846,105.36126542858497
944,944.0,79.43625519594337,-0.07770005323157925,103.99836740349112
945,945.0,85.24771156611949,11.503861886892258,119.41452039824314
946,946.0,91.98082411738878,12.722055661276595,102.98403101446303
947,947.0,89.38843042366913,-3.1776682141933215,111.52981176628748
948,948.0,61.011258843702834,16.42535902693333,120.47980807413975
949,949.0,96.57902226967998,11.855639281631545,115.13819513339402
950,950.0,101.8094044588176,7.158131714916426,106.35244279398498
951,951.0,83.33656308481277,15.64703540474201,114.08146249717454
952,952.0,74.18358868727103,8.203931172458335,118.7697367099517
953,953.0,92.47941309183364,8.2589569613218,127.6364044111282
954,954.0,88.80124368439023,14.048698915147456,88.72273914781016
955,955.0,66.73867765922392,6.4889681161849495,118.31304212921111
956,956.0,76.21182942194208,-3.934432582129734,106.72513801087025
957,957.0,88.61249058690355,-0.8207352744655854,80.92657600424279
958,958.0,65.47269579538111,10.076590961022973,87.48817268879054
959,959.0,80.2594988792514,22.570197559687433,106.99489297949033
960,960.0,77.23613113538296,8.238503504487113,83.45867044436896
961,961.0,78.35051554938983,7.188169271443593,97.32848838340367
962,962.0,80.15098630821997,9.767394415181384,96.05025448131671
963,963.0,86.71535575577197,10.666560621623985,108.23292668129893
964,964.0,75.60174491195912,4.615906501713671,108.5777163314821
965,965.0,77.77126195619714,16.603901121290054,101.67664633587529
966,966.0,66.74542358394436,16.840646448722953,108.748420411739
967,967.0,67.68274747960037,2.445504818325663,103.1491576341807
968,968.0,86.73366168826915,10.5146365783156,118.20463126428227
969,969.0,65.41108734760627,7.9340402707337,108.38046979015405
970,970.0,79.5484385229534,7.141529255122109,105.47267555210188
971,971.0,87.71523715601171,12.050030626833866,95.9235283400854
972,972.0,77.51145455567169,11.934465160020238,131.2415922561773
973,973.0,92.88385773273023,8.494085444051768,114.16074417408521
974,974.0,71.33896758694564,5.709101046568873,100.6238087961682
975,975.0,76.11790307492525,9.406862538362489,131.8193681353357
976,976.0,88.34176681634686,15.225754005459967,129.12760743822474
977,977.0,67.70204418786531,13.122026790306109,124.9328025769723
978,978.0,70.6426604757547,9.737907746571787,110.89549511775732
979,979.0,76.37546031807486,7.807794121715396,111.56493044418448
980,980.0,81.51235065140682,14.03311333900841,117.76574372141367
981,981.0,83.51192667749666,14.483631927907565,100.42192709755967
982,982.0,86.09677566892715,10.975780524803898,103.0807810268104
983,983.0,65.74403035220074,10.42943593710758,115.38931084045238
984,984.0,93.38299961289864,7.9791716852554515,109.5749469691453
985,985.0,86.3875657810415,10.350891452633505,114.27240929874503
986,986.0,92.93064962352862,10.986926618944057,94.34013311719055
987,987.0,86.36273006851192,10.513159502970606,101.4894657253388
988,988.0,73.17811229576441,9.136794759461123,103.29358509117266
989,989.0,82.16016280246518,-0.11620997535958288,120.88878219109866
990,990.0,87.88674549950437,7.226039871065726,101.16768341382434
991,991.0,73.19084589009204,7.046957453412396,107.65917688759326
992,992.0,66.8388902135574,3.9390958434533854,120.12104466550363
993,993.0,98.20872839381818,15.863288836998136,91.21166634085654
994,994.0,90.87520419810821,10.059319251720323,100.2281746661119
995,995.0,76.87621193408049,11.669591789788868,83.61202433403733
996,996.0,81.16278999137755,18.73360379871417,96.35695668787903
997,997.0,85.7557368442538,6.9976134873978815,106.54313441527442
998,998.0,90.99075878608569,10.868294990238388,106.78814771425375
999,999.0,81.4473235619581,4.064925226490478,118.00640613136083
1000,1000.0,80.85723781546203,13.668340460890153,109.29796333803756
1001,1001.0,85.50087619916181,3.338486085456937,104.53430517932625
1002,1002.0,81.24214573497235,6.529515864572824,106.98855489666376
1003,1003.0,75.6963194614668,5.879974440162984,108.42624805322579
1004,1004.0,58.74349267145823,8.641030751175279,104.21346997017413
1005,1005.0,82.92687147092953,-2.5805176908505008,101.27437474533532
1006,1006.0,86.20061316275545,12.533546271930824,91.79014226378283
1007,1007.0,81.34097723221204,11.337181270129946,100.3326565869534
1008,1008.0,71.92293995183337,8.874233350867845,110.14350376207804
1009,1009.0,68.06589932704748,10.958736271989292,118.48211687666321
1010,1010.0,83.11296707235502,1.9396163114208207,109.0030057008657
1011,1011.0,85.55276482053803,9.634558938219595,100.18434368310055
1012,1012.0,88.81719712946177,7.51791320570077,126.74971380493989
1013,1013.0,70.66323748695692,11.21629377467925,127.22695593437591
1014,1014.0,77.61738214119853,7.557490704367057,106.39728970723067
1015,1015.0,66.61073192593838,30.939807880007116,123.31040688769833
1016,1016.0,80.43273756017254,3.0208979574186383,120.83448663237775
1017,1017.0,84.63721605496836,12.18803630323064,103.78688480292416
1018,1018.0,73.78526806706812,16.462168592418188,114.9984039793766
1019,1019.0,88.1908788203783,16.50572698104385,120.91443384098022
1020,1020.0,76.11629953852808,6.366471141396075,121.92301712425986
1021,1021.0,72.17610774626606,14.438612074956993,114.28498625624881
1022,1022.0,63.175101041709205,4.2592784894839495,112.3650117836861
1023,1023.0,98.2624600970858,6.656705791807999,146.2169871359999
1024,1024.0,75.97115968383392,13.729223591061825,117.94936992035272
1025,1025.0,87.89174686000948,9.590543266372029,114.64276976474726
1026,1026.0,81.37203875974171,7.558252026506596,104.69362551199313
1027,1027.0,83.63412396253811,18.083946467873105,130.3168384655855
1028,1028.0,74.52074901858902,14.533127668085207,93.03651072166701
1029,1029.0,87.19988922415921,14.1179542604496,102.87500613684078
1030,1030.0,69.83171625787503,7.270454471018301,80.24922370919178
1031,1031.0,93.48505564655758,12.130651577456181,115.01833376211363
1032,1032.0,77.23032637907401,12.899044101995514,114.45640228695805
1033,1033.0,80.70837509095962,9.547184577656735,123.62487845753166
1034,1034.0,74.48472160813475,10.450905285258415,116.10544228503669
1035,1035.0,74.69463111491133,11.92024414828492,98.89433229977557
1036,1036.0,74.87472112932716,2.093610161797339,120.12546585229299
1037,1037.0,78.92705058287564,7.58485590544214,121.34847173156622
1038,1038.0,70.17396637661159,7.836154271310589,120.44464732972088
1039,1039.0,87.1191336071576,14.814105779012614,116.77651697273991
1040,1040.0,68.24728245687356,12.574904043174215,102.81666435408098
1041,1041.0,60.31866422773805,7.066557407602593,111.8698244447762
1042,1042.0,70.78894016884571,14.98113574286644,111.57986851665301
1043,1043.0,82.6130148982735,8.119830347496801,123.29039794261494
1044,1044.0,91.4661678645201,11.97793997336288,110.99945660853288
1045,1045.0,77.1773499247141,21.696507927124834,109.57934883833963
1046,1046.0,74.99325640352556,4.499565437571555,118.37434071116918
1047,1047.0,60.949494121279045,13.285240844650698,107.79742899104016
1048,1048.0,94.20049830681194,4.791880140166432,102.18014734541823
1049,1049.0,70.38010471567745,10.097672888680288,121.271972654743
1050,1050.0,90.21366030342477,9.472167475305147,85.7935816016165
1051,1051.0,81.95879814496091,4.725453374307076,105.72924702849355
1052,1052.0,87.18226127186905,9.714720459534234,125.05753263296737
1053,1053.0,77.91961074992768,9.515436942252187,88.06437697112335
1054,1054.0,88.1795005686856,13.661887032801049,105.8283451826819
1055,1055.0,89.26152700519229,7.2513097365875545,106.58383267596949
1056,1056.0,93.77381355704551,7.118703772881688,107.49047841554749
1057,1057.0,75.1564506550219,8.24976761595942,102.04256136774211
1058,1058.0,74.9604195910218,12.367362186659468,106.73443441865957
1059,1059.0,79.05728166214878,2.6982858105287066,110.80564059732107
1060,1060.0,98.19805467027632,9.974495305494232,112.3872705253531
1061,1061.0,71.81190730989138,5.630446403639563,114.3920429222892
1062,1062.0,69.16457542650917,13.476102854218173,108.58151196423596
1063,1063.0,97.64693050107155,4.78675932992021,93.6568245838689
1064,1064.0,81.59128538342117,18.812223958646314,131.02861637311602
1065,1065.0,80.14590243888931,-7.829398827076357,96.91392262803653
1066,1066.0,91.09665192908176,8.130317298152978,106.14561282995875
1067,1067.0,89.3176931832278,22.10944404270274,109.1219352796741
1068,1068.0,84.4030352165505,6.66652083643509,102.27494012368678
1069,1069.0,82.41277312867209,10.950131865584934,108.54991519504523
1070,1070.0,84.18544769360862,10.826786411141512,115.41157890842976
1071,1071.0,76.77357303726525,5.074075527693467,114.07131350200171
1072,1072.0,91.52839440623646,19.11149796268638,111.49066978317062
1073,1073.0,86.67359538452429,13.440758241607295,94.8071659561627
1074,1074.0,82.72080576981124,16.913738679626718,104.69959543324387
1075,1075.0,76.98705347139776,2.4072499947444337,124.20025287259244
1076,1076.0,92.34775979797669,8.37650501527678,112.83101502492762
1077,1077.0,80.509055060313,9.550459257297069,106.3924846767704
1078,1078.0,107.58243218892409,14.95331431426454,108.05468136589333
1079,1079.0,69.05517389678596,4.333749245107345,109.9001932192539
1080,1080.0,82.01313662984712,4.143357906887985,114.36630421464602
1081,1081.0,59.27240173971161,16.131340474113983,116.92680306570799
1082,1082.0,74.43834248736616,6.39075245399467,117.73425617340463
1083,1083.0,79.07668826995844,13.148430520977502,105.33199859134896
1084,1084.0,93.80095959840504,5.676781940137129,113.80363735776604
1085,1085.0,84.1981248593587,6.5199901702262935,105.47642765280307
1086,1086.0,82.54164244254375,0.815643121908213,133.46207283747023
1087,1087.0,93.71113735068471,12.916777561512507,104.42948194477493
1088,1088.0,70.15036602790767,6.319493631978208,116.01532869010843
1089,1089.0,78.43438359344051,15.897746547547627,109.23616311968789
1090,1090.0,74.72958443398892,10.372416323526247,119.42053571229995
1091,1091.0,92.24073552941593,12.771276491254788,104.33380811722027
1092,1092.0,66.7091039711685,16.070826401319273,99.35978020913763
1093,1093.0,98.3765769664971,7.2745761028705775,95.89787101537135
1094,1094.0,79.72088542285606,12.951956810805935,110.18500538841799
1095,1095.0,77.13198299187361,5.690084658062109,95.23398502095644
1096,1096.0,87.51277457034313,6.672132780347136,107.65230546947414
1097,1097.0,74.24436196120035,13.217304470229537,115.02438675135743
1098,1098.0,72.54030200387456,10.301288515090578,110.04213162456946
1099,1099.0,99.68015501213918,13.81852594671659,105.52081085777279
1100,1100.0,70.08137581718255,17.050187093366368,101.07026564253394
1101,1101.0,87.25247217923871,2.5998526720516093,106.77574235999889
1102,1102.0,70.5048943399431,1.756739789459786,108.69518208508849
1103,1103.0,79.16858907186034,4.229668583492659,118.33288369566479
1104,1104.0,84.35578868858316,22.40158797111131,115.06508382854273
1105,1105.0,75.08350209142097,9.061400946251219,115.01985514775994
1106,1106.0,80.4167606426663,8.215702812415227,122.48931250759055
1107,1107.0,97.72695061940007,13.94633235763554,100.99151913037703
1108,1108.0,83.7347707524984,7.821192150893239,104.71003034732878
1109,1109.0,87.26092403397286,10.909346861455955,109.13714407171162
1110,1110.0,73.80274267299089,13.868722994674416,112.44051800100192
1111,1111.0,97.19936507894832,18.743638996181883,107.75425360078572
1112,1112.0,64.79804650581976,8.64705292886211,97.5546646275955
1113,1113.0,82.8455658305154,16.692575936284662,106.6440803733199
1114,1114.0,76.38322990433375,12.723902538082397,104.37176632652486
1115,1115.0,68.89309073253385,20.88858129834454,107.80186282440054
1116,1116.0,61.921362324254616,10.383354035827475,132.2453884350378
1117,1117.0,77.05583964439602,6.613886933933205,102.57448785404615
1118,1118.0,73.18246654738755,11.677448289077958,121.92680032493148
1119,1119.0,87.58210273146904,7.1761910710859915,102.29643529417218
1120,1120.0,84.46495191700717,11.441231934528316,106.00459269945216
1121,1121.0,92.870160717885,3.921870123322689,126.70387962922906
1122,1122.0,97.6330107189995,8.867048837918114,110.3811112274581
1123,1123.0,83.76500138727555,11.066749766799562,94.7606220174553
1124,1124.0,88.97416154494174,1.4725730822228833,131.6376123017332
1125,1125.0,92.06487613713358,10.050704675517201,107.33457810693268
1126,1126.0,79.25659802514046,13.116238615641775,102.30349129470797
1127,1127.0,54.689227321849856,9.176459750204344,114.86048723988426
1128,1128.0,90.90695505025771,1.2635595263221369,130.65871774244061
1129,1129.0,111.08264603869661,17.610513265159813,98.0156414931184
1130,1130.0,82.18301609721482,6.3775347289815905,121.86151599556378
1131,1131.0,68.76075332768156,13.562169262592205,97.49741513117755
1132,1132.0,73.61413345382641,9.749219447243322,116.71865292297957
1133,1133.0,84.03650812101736,14.253783335384695,121.58435405963414
1134,1134.0,85.18542317240936,7.250608644758072,102.3314058657928
1135,1135.0,91.94696279818857,3.8376293016167313,104.21394227646158
1136,1136.0,90.09408973970734,7.2934647788276425,111.40842934548496
1137,1137.0,75.14191993771718,4.132468456740286,105.14384534605095
1138,1138.0,75.48446688161388,7.529100986124842,128.74559008793625
1139,1139.0,63.919122457084896,-2.0702559243113328,108.4256537939255
1140,1140.0,92.80268871554956,8.401961168968494,125.52074830842673
1141,1141.0,90.8805964830475,12.501975697430904,108.3851775142058
1142,1142.0,72.23079930262114,14.526582718067019,110.6506000060116
1143,1143.0,81.17617431034871,9.190371513069996,105.47321596105073
1144,1144.0,73.75360307540191,18.82899306657605,107.63349280498024
1145,1145.0,81.81101979236676,5.8686859758550405,109.083079656769
1146,1146.0,69.28869049331134,0.3997532391809706,112.96589474803969
1147,1147.0,100.40826500951391,13.52295060232847,101.19862732145361
1148,1148.0,82.74633459286183,13.076749533397571,110.14401905415468
1149,1149.0,69.62344910788791,15.328598651303137,98.24136539163516
1150,1150.0,84.64512283658505,14.88975306060928,112.13543741403625
1151,1151.0,74.62579562450648,2.6660083994637684,110.05099235532805
1152,1152.0,64.23986789803435,4.289251129803188,116.41557333579303
1153,1153.0,94.58969041046453,14.741832294841773,92.29834217043005
1154,1154.0,94.92683951832241,17.41064089404778,97.50414391001925
1155,1155.0,90.2158694148553,12.722294923594884,122.50708635399693
1156,1156.0,72.35713182394821,11.794708838651843,115.73466134404606
1157,1157.0,79.55451131645269,11.628851184198046,100.00321475690151
1158,1158.0,75.09746218424362,10.843642189987746,113.63977693265338
1159,1159.0,72.22421605433145,17.11713139523607,122.2389563780985
1160,1160.0,87.16882155492772,19.307083617766306,109.05786236268825
1161,1161.0,79.01958003601283,8.15900984690365,131.13325918961883
1162,1162.0,71.99478232240413,17.44337723374912,115.28153422507886
1163,1163.0,102.65663242199672,-2.0546287606509335,123.04680884129068
1164,1164.0,94.84469697597197,6.2372254566096945,112.88367085935205
1165,1165.0,63.29922461837815,4.900662692038954,132.0796207784254
1166,1166.0,78.00312547575668,7.3720159879092115,104.48500281002495
1167,1167.0,86.34820331573248,8.30329054922008,113.46576885886846
1168,1168.0,85.91918025963354,8.134267620924307,81.26989899297176
1169,1169.0,81.9869740782372,11.886396705071391,109.55137965823123
1170,1170.0,80.41042467810156,14.653637126152361,96.4268388864699
1171,1171.0,94.48046665714287,11.347560606082865,115.75278247191417
1172,1172.0,94.03839425864511,21.71234304683152,108.99715381259634
1173,1173.0,82.19588531193834,12.399603209946982,106.99597360359309
1174,1174.0,89.95965832867171,9.358350578238188,92.53031304939967
1175,1175.0,85.0079472987201,12.22782970162025,104.35773341425703
1176,1176.0,105.1659059159256,2.754116915425044,110.8739415680827
1177,1177.0,82.39972456390653,13.476086843636402,108.39194707548731
1178,1178.0,83.87384868045862,5.491653312030793,113.12547267561622
1179,1179.0,80.21858552952165,6.998116834102113,110.38528414735055
1180,1180.0,70.537308458218,13.84446024474413,115.48372204385326
1181,1181.0,86.16036693298412,11.516943615543044,103.72453161404431
1182,1182.0,84.53001647979316,13.596392601294633,106.3167580108652
1183,1183.0,82.22038039168739,9.793133380445031,127.75634079869256
1184,1184.0,80.92248260977458,10.81177973755868,104.7469211264701
1185,1185.0,75.41695476084095,8.388320771046216,116.58804429204935
1186,1186.0,96.53164532406723,15.336078707839883,122.11642753332481
1187,1187.0,109.38085080067053,16.152973592008568,115.48855440278194
1188,1188.0,88.31784300736004,12.360279226632557,100.37439508857643
1189,1189.0,93.51930315794088,9.444799950024683,111.28073106959584
1190,1190.0,90.71108938877101,11.620395012869448,130.7833543238816
1191,1191.0,75.16200442919818,8.640678225114605,112.97668150522354
1192,1192.0,83.15138038395511,9.05187930805334,136.44808667818165
1193,1193.0,88.37932435851931,3.4446838622038936,112.92485430241138
1194,1194.0,81.01228184105578,11.212112782064432,105.38287839557091
1195,1195.0,104.13195891374494,6.394889130258239,114.32884103014092
1196,1196.0,88.2429084019184,13.506053345063272,110.32774438147608
1197,1197.0,87.39129407610615,13.107889496889966,112.00547837145776
1198,1198.0,77.67964489827688,5.5154744222973555,111.40151993923601
1199,1199.0,73.97606164600673,12.32401150107638,119.41078123770609
1200,1200.0,67.90552736467512,10.822919009857554,101.38196597197971
1201,1201.0,77.02936103532292,17.345035656982013,117.23901040622742
1202,1202.0,63.82135125604998,10.689209646464102,111.98019217595291
1203,1203.0,69.3844043706378,5.198926465112696,110.06010142901324
1204,1204.0,69.85315736875336,11.271336117783592,104.08534756441395
1205,1205.0,95.79003271293493,8.79014972650554,115.90242092687996
1206,1206.0,87.33670531549619,14.499953436516863,103.3220696077467
1207,1207.0,88.18711722229897,17.19822606479235,101.98184799440041
1208,1208.0,86.08757813613094,13.802773864537986,111.12380634940382
1209,1209.0,76.29748816997893,0.9986773482481688,99.2114955602848
1210,1210.0,79.35008278976937,17.261167571206794,117.59696782852157
1211,1211.0,83.89739346363794,12.270629079251611,104.84728983494799
1212,1212.0,86.89395911516543,15.058931780564444,105.32807065750951
1213,1213.0,67.46104314575257,12.35647519894205,119.74850768065028
1214,1214.0,75.54629557649571,11.653526639936796,123.61700560385792
1215,1215.0,66.61815847563813,1.032384524224156,124.54406679096051
1216,1216.0,85.59001403333359,-3.4701998926295214,118.79405445640639
1217,1217.0,69.85103084690013,9.68950789362076,118.55655647230311
1218,1218.0,81.1505344493361,16.577964317852533,112.8821923325663
1219,1219.0,66.06669852564482,18.864526859093537,114.43409446213042
1220,1220.0,80.04845377980496,15.31637454093957,96.21432948586128
1221,1221.0,71.82861616387835,-5.821480711081691,106.47500292661915
1222,1222.0,81.4258485518446,17.73355826928496,129.8872653064227
1223,1223.0,97.06210880180723,12.176810765965435,98.02439812629324
1224,1224.0,74.31039772242916,6.025514150641091,84.65513990426744
1225,1225.0,68.55867875264686,16.11439873171333,115.58731837570566
1226,1226.0,76.41416655380645,21.91996171072238,102.38213321440904
1227,1227.0,72.95330470000708,4.963673639909584,102.44298299179206
1228,1228.0,75.64089375217227,18.497543502432798,142.33930522951795
1229,1229.0,78.51285204700629,3.89222481575883,113.29278980483328
1230,1230.0,80.33689786967129,2.614398267184815,118.01154909716259
1231,1231.0,71.27689013434588,18.02662686818045,110.47301248706663
1232,1232.0,83.1165829798081,16.923916898336692,115.62722877767685
1233,1233.0,63.51718347534766,2.9457202225266954,124.41549689728805
1234,1234.0,63.52758060995944,1.7994025174092823,93.91044943702404
1235,1235.0,87.6287290384264,8.099870963815667,100.96642740588966
1236,1236.0,68.53490839310835,14.30192094984119,119.78655705173911
1237,1237.0,61.212484104009945,21.864062047518487,119.64880061523887
1238,1238.0,79.37938865005692,3.3759940559851973,109.53874152799017
1239,1239.0,65.2902266332429,1.5511201681799633,80.49413255767398
1240,1240.0,74.05522387510868,3.847071916343862,106.6695460663112
1241,1241.0,82.05479661948432,4.323575649983913,116.26563522976346
1242,1242.0,85.1192032531276,14.714584335547086,87.95109661981736
1243,1243.0,75.12828465237952,12.55455583089859,115.18034246437537
1244,1244.0,88.15797430117455,13.87724495252849,116.63122600344691
1245,1245.0,71.55833578174115,17.268854766024106,93.52489550374392
1246,1246.0,83.93424959987887,8.786715408381651,111.10874256539047
1247,1247.0,71.93304494118561,11.287871036731815,99.27801883180672
1248,1248.0,91.37872817285333,14.152644074117978,97.25470365413405
1249,1249.0,74.54427617184484,6.403703597496328,121.6540402324597
1250,1250.0,91.4414011625766,5.817837206590743,106.95966598750363
1251,1251.0,88.10070010831035,16.761400793787303,109.82446369788467
1252,1252.0,87.84002472612556,14.34532801640282,120.86388807867235
1253,1253.0,91.27878062253758,8.875893093435973,126.62024006297989
1254,1254.0,92.93548960568907,7.856821678020715,104.97981734347401
1255,1255.0,85.33354567569562,16.843852045916062,103.0393089906591
1256,1256.0,85.51402630112203,7.8752045145404574,127.69907540222339
1257,1257.0,71.88529524270494,9.641272968774846,109.9458618892844
1258,1258.0,74.37923790076692,6.036549669923292,95.13868894904883
1259,1259.0,82.21799202810976,15.238817712639777,111.69809940828223
1260,1260.0,76.01905540977843,7.007958415868272,90.28652720687478
1261,1261.0,105.40768207733207,3.6737327149355377,120.02259306183575
1262,1262.0,78.6194063491143,15.821656184586299,102.84239645063516
1263,1263.0,55.73683362147944,14.73238517918087,108.91155033594659
1264,1264.0,67.26647218809666,10.125747498006039,103.2932336793877
1265,1265.0,65.56830378948062,17.798735343203713,113.0501030911989
1266,1266.0,71.22231746008454,5.068768882381706,131.2399418710534
1267,1267.0,73.47353482781531,3.264407881790685,114.1107823255082
1268,1268.0,63.08132104199265,9.236471064079769,107.02280404979435
1269,1269.0,67.19787883035602,18.222834890555966,115.35166378191501
1270,1270.0,70.57242913189721,11.17319939859709,120.35205145198753
1271,1271.0,85.82037759240548,16.37736868499448,116.83222842208858
1272,1272.0,82.06858195685939,16.84077847978815,107.59837191268484
1273,1273.0,74.50552186499247,9.298264549089746,100.7639910602602
1274,1274.0,85.61996953183929,5.24953059541355,114.56494078242157
1275,1275.0,81.85770927985422,5.906238837744736,117.49006954812305
1276,1276.0,69.62165804605132,13.399808284875888,121.66933217333495
1277,1277.0,67.39267559880186,8.226875502902752,127.83989626193984
1278,1278.0,73.07898526216488,12.632431517087053,109.71733783377019
1279,1279.0,93.97964653181151,7.530963158439387,122.11985589579962
1280,1280.0,89.4741664570228,9.143360725910785,107.26232934917002
1281,1281.0,84.26903044600533,12.457461400118358,94.72824290854979
1282,1282.0,92.49776943015632,14.159900541852005,121.37937549472979
1283,1283.0,94.19528687099672,9.190625661000814,118.07294284679014
1284,1284.0,67.71943483863787,6.729015615933801,89.59375230866316
1285,1285.0,87.50732185509426,13.926990493450843,120.1646908651159
1286,1286.0,95.15474911645539,16.819173682228552,94.0319436601287
1287,1287.0,65.44239669119024,13.1934734166643,96.28846731788896
1288,1288.0,61.909574347681605,2.5073082853332886,105.92190460905081
1289,1289.0,103.18734202968498,8.906325939002421,103.78702445762259
1290,1290.0,88.51863699796442,22.423920537374887,124.91423353406282
1291,1291.0,77.69443829832277,8.084109799258345,124.2174830526253
1292,1292.0,96.41983313600286,12.393717219231345,103.14995960351523
1293,1293.0,94.5840144036081,15.46935281907627,100.2674772285858
1294,1294.0,71.46995910945908,11.039403846578823,130.28581270330426
1295,1295.0,79.44900867785309,7.831764524693909,98.4199140028888
1296,1296.0,71.8853180097824,13.255770605295618,99.1225817509482
1297,1297.0,64.6730061864729,16.744509837270122,127.4796504357046
1298,1298.0,77.63468145127594,8.005188146131852,107.83309969402265
1299,1299.0,77.3883497980923,8.550638103875444,108.03862380048697
1300,1300.0,74.17530456880424,8.347034798050675,105.57553856995384
1301,1301.0,88.94192366275139,11.2458793658507,115.5566930171848
1302,1302.0,74.64689447489151,8.265286974363056,102.23927769433263
1303,1303.0,87.50197132156134,10.7557783236881,92.23618047008173
1304,1304.0,73.77119202379473,5.606121102760107,114.71919824320537
1305,1305.0,76.54256195873418,11.606630135390333,91.42676203189293
1306,1306.0,80.99128667277627,6.293022122190015,96.2353037046766
1307,1307.0,75.80377542839496,17.54059917773767,109.62433529283454
1308,1308.0,68.82167127809763,9.957268701934634,107.43598531972451
1309,1309.0,92.67880576101075,3.530601616271621,107.68443500639596
1310,1310.0,80.34979706308734,5.740650499557015,101.1546921556887
1311,1311.0,72.40539368394542,16.062292381575304,111.79932696221353
1312,1312.0,87.81994746731984,1.5407425416879725,111.30812208443116
1313,1313.0,75.47199310921769,5.110378466301883,106.94558909078316
1314,1314.0,78.57985457123912,4.947478451946043,98.84882475488753
1315,1315.0,75.34683366967045,-1.139245551185521,108.27694842019642
1316,1316.0,89.71466763742826,11.163913253211934,108.37362227179744
1317,1317.0,69.21861623364441,6.516059733685618,103.79981572899067
1318,1318.0,101.7272414198034,18.61104120414256,109.09914300446117
1319,1319.0,79.12357367493999,16.608195080574273,108.76149850838455
1320,1320.0,81.17640613760088,3.4221595885279976,118.24305412951098
1321,1321.0,94.48311415403084,9.557481072763302,110.1542173336188
1322,1322.0,55.79159451717335,18.601810804179944,118.30315861297872
1323,1323.0,90.62278049519904,13.121663798464184,115.43835923198758
1324,1324.0,73.66226885708012,15.887960480417112,114.83645254089939
1325,1325.0,90.50045838373757,8.862056760875241,101.76748431904063
1326,1326.0,86.54104589677381,11.337934417623348,112.07377507953373
1327,1327.0,68.56348802571421,14.32061647265212,87.3552529117722
1328,1328.0,83.89880646886719,9.442651467370899,104.08185612924756
1329,1329.0,69.7179594251038,12.37274830265872,108.70893999015
1330,1330.0,77.51728916580088,10.98018933839563,97.10198535235924
1331,1331.0,71.33258096598345,16.322674740817025,98.89216247506175
1332,1332.0,74.45060055313105,11.768538530017587,102.3291481125211
1333,1333.0,93.274333656218,3.6836122931713806,119.8433591898416
1334,1334.0,93.38923800104143,10.308240277061694,122.07980199228864
1335,1335.0,91.03212530040692,-2.1031246024457513,105.06961183928505
1336,1336.0,82.56896590723909,12.401965203897023,99.19815302349267
1337,1337.0,78.77563609011177,7.13991269253718,99.60833086698992
1338,1338.0,71.48254382105698,10.265415548600838,126.74398525669655
1339,1339.0,95.91084186531785,7.523668213918932,120.15786356714236
1340,1340.0,71.56938785911836,11.495664529179706,110.12783963188902
1341,1341.0,91.67035734106061,5.424383956429204,114.20659670709377
1342,1342.0,89.32286373055759,9.96514948621471,135.142950044693
1343,1343.0,86.58539188704658,13.939193376446571,109.44458858475194
1344,1344.0,78.24449492583102,11.415602737253133,92.81748362259421
1345,1345.0,74.07861221091548,13.764923190228114,113.36542326435148
1346,1346.0,79.51640728363377,6.2841317574299715,121.43739973959394
1347,1347.0,73.59990138495893,15.132879648475674,118.69429578043383
1348,1348.0,91.65346184151709,4.161186959485221,96.88475588934462
1349,1349.0,83.09548424335259,8.508356788738196,108.7988987536224
1350,1350.0,89.01058402956433,-1.2062534698552767,91.28542863259295
1351,1351.0,64.27378445862277,9.245590503191645,107.29934549916695
1352,1352.0,74.46018298779858,3.5582118369296634,104.0824082483522
1353,1353.0,76.40118897376368,12.781932802259641,123.38487127460435
1354,1354.0,72.07463117340258,9.256067925846908,128.43428918445971
1355,1355.0,79.96849797961058,21.364760067338704,104.16068551226978
1356,1356.0,79.72599024865698,14.396970167087058,113.40426998112359
1357,1357.0,79.6655245179801,7.597879104143996,130.4307647254613
1358,1358.0,76.78375597436089,5.106621601342728,94.42663270925492
1359,1359.0,71.0303792220581,12.672613070119489,100.77867084770115
1360,1360.0,65.31411551703007,16.47025521703091,110.34660624564009
1361,1361.0,80.15751929528585,14.412066003757037,108.80115961010215
1362,1362.0,83.2080272446631,20.07698919708318,126.23724938911795
1363,1363.0,75.55250691788875,0.07468782286046682,119.84023010572582
1364,1364.0,84.15476828553108,8.009270677048532,98.67569287365617
1365,1365.0,67.81631912820427,17.16445376328327,99.06094688787556
1366,1366.0,98.05631909069015,21.252517345305815,127.32608155741872
1367,1367.0,81.21258739163272,1.601725050866106,111.94845430271734
1368,1368.0,72.85135779364848,11.561779879505192,102.53694221588927
1369,1369.0,85.70557024990273,9.366912916832305,111.4832164722475
1370,1370.0,87.83461029230942,1.7987271355850272,100.57725403637171
1371,1371.0,42.32820695768814,3.9305393265543165,109.1272357930213
1372,1372.0,80.19489694448188,3.62750829420602,94.82154238638127
1373,1373.0,78.22825554749244,13.433145521351687,113.94934165890506
1374,1374.0,73.05885266764463,14.108207616215813,116.1460184899101
1375,1375.0,78.96498948639862,14.280005514539003,128.47496426244555
1376,1376.0,75.86337166742203,3.539048042880557,96.98144563041059
1377,1377.0,84.63288514867475,6.0102325879920375,112.76107019720462
1378,1378.0,77.22195925140876,3.736665395494332,95.55975424295748
1379,1379.0,82.08806469640304,6.707498432287064,104.69437039203405
1380,1380.0,88.50097326159818,-3.9028334817730155,97.01591405607587
1381,1381.0,63.67523046431205,2.2068331502361076,111.08721077683862
1382,1382.0,59.68133053103431,7.539660120021594,93.9506925162654
1383,1383.0,76.06738808129681,15.531114410476896,103.93587642631526
1384,1384.0,68.61806280798963,5.901649394406874,125.4607010930048
1385,1385.0,69.95745249622429,-2.089986901127599,126.08770907883897
1386,1386.0,83.34696627241408,19.194648975145128,97.7042221919083
1387,1387.0,75.44914311034823,6.613390050545948,113.1159904127434
1388,1388.0,84.47380435762099,12.630940207228699,111.57652416945722
1389,1389.0,75.86495278856935,11.546457074322678,106.9673994805013
1390,1390.0,100.73966897524143,15.377411052964547,116.91201172486204
1391,1391.0,76.86746126289087,10.436676286192284,114.80169867950303
1392,1392.0,87.80069471816722,7.174652119184419,111.36562032907129
1393,1393.0,74.32857306564755,5.723495255476229,106.07079357799874
1394,1394.0,92.42613900550232,12.647991150019639,111.81819484814227
1395,1395.0,64.49944291768718,13.1688219085803,113.80163678272572
1396,1396.0,94.60502591099453,15.660342313345481,119.3131308768909
1397,1397.0,82.4261637723396,13.304785490275165,107.22680095892423
1398,1398.0,83.40043531878281,8.746671822952688,107.21969824862352
1399,1399.0,45.45570480677603,18.966926881568682,123.1649766280976
1400,1400.0,97.40564172333548,11.929834598362834,115.53030742889827
1401,1401.0,83.94122130669409,12.893070296028693,115.5179161242813
1402,1402.0,89.70584666249783,9.410360746099562,105.16928324507384
1403,1403.0,87.58216470954348,9.542838319557212,106.78670237999262
1404,1404.0,90.41428565025998,12.762150237182107,114.62851380082286
1405,1405.0,62.521188023844026,12.526527724215555,109.81958772118166
1406,1406.0,83.84418002985993,8.354742312922316,121.53159647451407
1407,1407.0,89.65440798283473,7.112647280358519,114.51132820840769
1408,1408.0,78.12619680976356,13.998693279073494,113.36751798540793
1409,1409.0,70.78916959542117,11.257234631004264,118.64547236321125
1410,1410.0,104.19542940887669,10.295852580843606,104.67988630453019
1411,1411.0,77.59209699434763,7.342238682620943,121.1944273878661
1412,1412.0,77.30794674764633,17.789749596672344,112.47443981301025
1413,1413.0,80.29702419386105,5.639883765890705,112.57260541031029
1414,1414.0,87.1078518135446,19.346093479605553,123.68693470644754
1415,1415.0,73.34168939318735,13.180061818965855,113.17450339262417
1416,1416.0,64.50557163242526,15.342115145863268,113.7248774610634
1417,1417.0,74.76115910525735,13.98103412646801,90.42896941863064
1418,1418.0,84.30646059042623,10.471551604153968,118.26321100673725
1419,1419.0,81.52566729178311,11.482226670191945,104.28464515814872
1420,1420.0,65.17533593897411,13.21872136845009,97.83799713887822
1421,1421.0,72.3682071631162,13.460258247312282,106.68683081526187
1422,1422.0,77.06156164822231,3.142166617207014,116.25558214350238
1423,1423.0,85.94612756317068,9.207610111747648,98.2222571992027
1424,1424.0,99.68426432425821,8.324960597120215,112.60790875236769
1425,1425.0,66.3926996749675,10.312268536812617,105.05568043520981
1426,1426.0,98.95884307866339,-1.0529308512185018,115.45875773129647
1427,1427.0,77.88678332035144,11.883064323841895,115.63213504801564
1428,1428.0,83.75839998965618,16.786454515393352,101.08327300822303
1429,1429.0,76.12610854347913,7.062149336375468,122.91202237697125
1430,1430.0,79.6726439810985,6.182014018252245,104.02132728060293
1431,1431.0,87.63345042614972,11.53904606386532,125.06254326686528
1432,1432.0,71.55072915161298,6.864083453197578,99.63941710968686
1433,1433.0,72.14073390373206,3.036685311848233,111.89953890252163
1434,1434.0,69.30811572650134,7.918055445613241,108.64531805268237
1435,1435.0,90.41265562013058,6.776560899115839,114.66036111024435
1436,1436.0,84.93662540459695,9.779165882593121,111.41513536920768
1437,1437.0,86.07909876102589,6.033157986861063,114.25825773978634
1438,1438.0,73.42472557543273,9.837129209269623,120.52174324534771
1439,1439.0,67.91050429185826,20.8993697403591,106.84738282187243
